construct_id,component,start,end,length_bp,GC_percent,sourced_or_designed,provenance
V2-SUB-01_SUB_Psyn_opA_gap00,designed:BG_A[0:30],0,30,30,53.33,designed,"BG_A: DESIGNED, NOT SOURCED - seeded rejection sampling, scripts/design_backgrounds.py; reproducible from that file alone"
V2-SUB-01_SUB_Psyn_opA_gap00,operator:opA_phoP,30,46,16,12.5,sourced,operator opA_phoP: PRODORIC MX000339 (confirmed Salmonella Sal_PhoP site)
V2-SUB-01_SUB_Psyn_opA_gap00,core:Psyn,46,80,34,26.47,sourced,"core promoter Psyn: Henke, Krahn & Wendisch 2021, Microorganisms 9:204 (PMC7835838) Table 2 primers; amplicon recovered from BX927147.1"
V2-SUB-02_SUB_Psyn_opA_gap01,designed:BG_A[0:29],0,29,29,55.17,designed,"BG_A: DESIGNED, NOT SOURCED - seeded rejection sampling, scripts/design_backgrounds.py; reproducible from that file alone"
V2-SUB-02_SUB_Psyn_opA_gap01,operator:opA_phoP,29,45,16,12.5,sourced,operator opA_phoP: PRODORIC MX000339 (confirmed Salmonella Sal_PhoP site)
V2-SUB-02_SUB_Psyn_opA_gap01,designed:BG_A[45:46],45,46,1,0.0,designed,"BG_A: DESIGNED, NOT SOURCED - seeded rejection sampling, scripts/design_backgrounds.py; reproducible from that file alone"
V2-SUB-02_SUB_Psyn_opA_gap01,core:Psyn,46,80,34,26.47,sourced,"core promoter Psyn: Henke, Krahn & Wendisch 2021, Microorganisms 9:204 (PMC7835838) Table 2 primers; amplicon recovered from BX927147.1"
V2-SUB-03_SUB_Psyn_opA_gap02,designed:BG_A[0:28],0,28,28,53.57,designed,"BG_A: DESIGNED, NOT SOURCED - seeded rejection sampling, scripts/design_backgrounds.py; reproducible from that file alone"
V2-SUB-03_SUB_Psyn_opA_gap02,operator:opA_phoP,28,44,16,12.5,sourced,operator opA_phoP: PRODORIC MX000339 (confirmed Salmonella Sal_PhoP site)
V2-SUB-03_SUB_Psyn_opA_gap02,designed:BG_A[44:46],44,46,2,50.0,designed,"BG_A: DESIGNED, NOT SOURCED - seeded rejection sampling, scripts/design_backgrounds.py; reproducible from that file alone"
V2-SUB-03_SUB_Psyn_opA_gap02,core:Psyn,46,80,34,26.47,sourced,"core promoter Psyn: Henke, Krahn & Wendisch 2021, Microorganisms 9:204 (PMC7835838) Table 2 primers; amplicon recovered from BX927147.1"
V2-SUB-04_SUB_Psyn_opA_gap03,designed:BG_A[0:27],0,27,27,51.85,designed,"BG_A: DESIGNED, NOT SOURCED - seeded rejection sampling, scripts/design_backgrounds.py; reproducible from that file alone"
V2-SUB-04_SUB_Psyn_opA_gap03,operator:opA_phoP,27,43,16,12.5,sourced,operator opA_phoP: PRODORIC MX000339 (confirmed Salmonella Sal_PhoP site)
V2-SUB-04_SUB_Psyn_opA_gap03,designed:BG_A[43:46],43,46,3,66.67,designed,"BG_A: DESIGNED, NOT SOURCED - seeded rejection sampling, scripts/design_backgrounds.py; reproducible from that file alone"
V2-SUB-04_SUB_Psyn_opA_gap03,core:Psyn,46,80,34,26.47,sourced,"core promoter Psyn: Henke, Krahn & Wendisch 2021, Microorganisms 9:204 (PMC7835838) Table 2 primers; amplicon recovered from BX927147.1"
V2-SUB-05_SUB_Psyn_opA_gap04,designed:BG_A[0:26],0,26,26,50.0,designed,"BG_A: DESIGNED, NOT SOURCED - seeded rejection sampling, scripts/design_backgrounds.py; reproducible from that file alone"
V2-SUB-05_SUB_Psyn_opA_gap04,operator:opA_phoP,26,42,16,12.5,sourced,operator opA_phoP: PRODORIC MX000339 (confirmed Salmonella Sal_PhoP site)
V2-SUB-05_SUB_Psyn_opA_gap04,designed:BG_A[42:46],42,46,4,75.0,designed,"BG_A: DESIGNED, NOT SOURCED - seeded rejection sampling, scripts/design_backgrounds.py; reproducible from that file alone"
V2-SUB-05_SUB_Psyn_opA_gap04,core:Psyn,46,80,34,26.47,sourced,"core promoter Psyn: Henke, Krahn & Wendisch 2021, Microorganisms 9:204 (PMC7835838) Table 2 primers; amplicon recovered from BX927147.1"
V2-SUB-06_SUB_Psyn_opA_gap05,designed:BG_A[0:25],0,25,25,52.0,designed,"BG_A: DESIGNED, NOT SOURCED - seeded rejection sampling, scripts/design_backgrounds.py; reproducible from that file alone"
V2-SUB-06_SUB_Psyn_opA_gap05,operator:opA_phoP,25,41,16,12.5,sourced,operator opA_phoP: PRODORIC MX000339 (confirmed Salmonella Sal_PhoP site)
V2-SUB-06_SUB_Psyn_opA_gap05,designed:BG_A[41:46],41,46,5,60.0,designed,"BG_A: DESIGNED, NOT SOURCED - seeded rejection sampling, scripts/design_backgrounds.py; reproducible from that file alone"
V2-SUB-06_SUB_Psyn_opA_gap05,core:Psyn,46,80,34,26.47,sourced,"core promoter Psyn: Henke, Krahn & Wendisch 2021, Microorganisms 9:204 (PMC7835838) Table 2 primers; amplicon recovered from BX927147.1"
V2-SUB-07_SUB_Psyn_opA_gap06,designed:BG_A[0:24],0,24,24,54.17,designed,"BG_A: DESIGNED, NOT SOURCED - seeded rejection sampling, scripts/design_backgrounds.py; reproducible from that file alone"
V2-SUB-07_SUB_Psyn_opA_gap06,operator:opA_phoP,24,40,16,12.5,sourced,operator opA_phoP: PRODORIC MX000339 (confirmed Salmonella Sal_PhoP site)
V2-SUB-07_SUB_Psyn_opA_gap06,designed:BG_A[40:46],40,46,6,50.0,designed,"BG_A: DESIGNED, NOT SOURCED - seeded rejection sampling, scripts/design_backgrounds.py; reproducible from that file alone"
V2-SUB-07_SUB_Psyn_opA_gap06,core:Psyn,46,80,34,26.47,sourced,"core promoter Psyn: Henke, Krahn & Wendisch 2021, Microorganisms 9:204 (PMC7835838) Table 2 primers; amplicon recovered from BX927147.1"
V2-SUB-08_SUB_Psyn_opA_gap07,designed:BG_A[0:23],0,23,23,56.52,designed,"BG_A: DESIGNED, NOT SOURCED - seeded rejection sampling, scripts/design_backgrounds.py; reproducible from that file alone"
V2-SUB-08_SUB_Psyn_opA_gap07,operator:opA_phoP,23,39,16,12.5,sourced,operator opA_phoP: PRODORIC MX000339 (confirmed Salmonella Sal_PhoP site)
V2-SUB-08_SUB_Psyn_opA_gap07,designed:BG_A[39:46],39,46,7,42.86,designed,"BG_A: DESIGNED, NOT SOURCED - seeded rejection sampling, scripts/design_backgrounds.py; reproducible from that file alone"
V2-SUB-08_SUB_Psyn_opA_gap07,core:Psyn,46,80,34,26.47,sourced,"core promoter Psyn: Henke, Krahn & Wendisch 2021, Microorganisms 9:204 (PMC7835838) Table 2 primers; amplicon recovered from BX927147.1"
V2-SUB-09_SUB_Psyn_opA_gap08,designed:BG_A[0:22],0,22,22,54.55,designed,"BG_A: DESIGNED, NOT SOURCED - seeded rejection sampling, scripts/design_backgrounds.py; reproducible from that file alone"
V2-SUB-09_SUB_Psyn_opA_gap08,operator:opA_phoP,22,38,16,12.5,sourced,operator opA_phoP: PRODORIC MX000339 (confirmed Salmonella Sal_PhoP site)
V2-SUB-09_SUB_Psyn_opA_gap08,designed:BG_A[38:46],38,46,8,50.0,designed,"BG_A: DESIGNED, NOT SOURCED - seeded rejection sampling, scripts/design_backgrounds.py; reproducible from that file alone"
V2-SUB-09_SUB_Psyn_opA_gap08,core:Psyn,46,80,34,26.47,sourced,"core promoter Psyn: Henke, Krahn & Wendisch 2021, Microorganisms 9:204 (PMC7835838) Table 2 primers; amplicon recovered from BX927147.1"
V2-SUB-10_SUB_Psyn_opA_gap09,designed:BG_A[0:21],0,21,21,52.38,designed,"BG_A: DESIGNED, NOT SOURCED - seeded rejection sampling, scripts/design_backgrounds.py; reproducible from that file alone"
V2-SUB-10_SUB_Psyn_opA_gap09,operator:opA_phoP,21,37,16,12.5,sourced,operator opA_phoP: PRODORIC MX000339 (confirmed Salmonella Sal_PhoP site)
V2-SUB-10_SUB_Psyn_opA_gap09,designed:BG_A[37:46],37,46,9,55.56,designed,"BG_A: DESIGNED, NOT SOURCED - seeded rejection sampling, scripts/design_backgrounds.py; reproducible from that file alone"
V2-SUB-10_SUB_Psyn_opA_gap09,core:Psyn,46,80,34,26.47,sourced,"core promoter Psyn: Henke, Krahn & Wendisch 2021, Microorganisms 9:204 (PMC7835838) Table 2 primers; amplicon recovered from BX927147.1"
V2-SUB-11_SUB_Psyn_opA_gap10,designed:BG_A[0:20],0,20,20,50.0,designed,"BG_A: DESIGNED, NOT SOURCED - seeded rejection sampling, scripts/design_backgrounds.py; reproducible from that file alone"
V2-SUB-11_SUB_Psyn_opA_gap10,operator:opA_phoP,20,36,16,12.5,sourced,operator opA_phoP: PRODORIC MX000339 (confirmed Salmonella Sal_PhoP site)
V2-SUB-11_SUB_Psyn_opA_gap10,designed:BG_A[36:46],36,46,10,60.0,designed,"BG_A: DESIGNED, NOT SOURCED - seeded rejection sampling, scripts/design_backgrounds.py; reproducible from that file alone"
V2-SUB-11_SUB_Psyn_opA_gap10,core:Psyn,46,80,34,26.47,sourced,"core promoter Psyn: Henke, Krahn & Wendisch 2021, Microorganisms 9:204 (PMC7835838) Table 2 primers; amplicon recovered from BX927147.1"
V2-SUB-12_SUB_Psyn_opA_gap11,designed:BG_A[0:19],0,19,19,52.63,designed,"BG_A: DESIGNED, NOT SOURCED - seeded rejection sampling, scripts/design_backgrounds.py; reproducible from that file alone"
V2-SUB-12_SUB_Psyn_opA_gap11,operator:opA_phoP,19,35,16,12.5,sourced,operator opA_phoP: PRODORIC MX000339 (confirmed Salmonella Sal_PhoP site)
V2-SUB-12_SUB_Psyn_opA_gap11,designed:BG_A[35:46],35,46,11,54.55,designed,"BG_A: DESIGNED, NOT SOURCED - seeded rejection sampling, scripts/design_backgrounds.py; reproducible from that file alone"
V2-SUB-12_SUB_Psyn_opA_gap11,core:Psyn,46,80,34,26.47,sourced,"core promoter Psyn: Henke, Krahn & Wendisch 2021, Microorganisms 9:204 (PMC7835838) Table 2 primers; amplicon recovered from BX927147.1"
V2-SUB-13_SUB_Psyn_opA_gap12,designed:BG_A[0:18],0,18,18,50.0,designed,"BG_A: DESIGNED, NOT SOURCED - seeded rejection sampling, scripts/design_backgrounds.py; reproducible from that file alone"
V2-SUB-13_SUB_Psyn_opA_gap12,operator:opA_phoP,18,34,16,12.5,sourced,operator opA_phoP: PRODORIC MX000339 (confirmed Salmonella Sal_PhoP site)
V2-SUB-13_SUB_Psyn_opA_gap12,designed:BG_A[34:46],34,46,12,58.33,designed,"BG_A: DESIGNED, NOT SOURCED - seeded rejection sampling, scripts/design_backgrounds.py; reproducible from that file alone"
V2-SUB-13_SUB_Psyn_opA_gap12,core:Psyn,46,80,34,26.47,sourced,"core promoter Psyn: Henke, Krahn & Wendisch 2021, Microorganisms 9:204 (PMC7835838) Table 2 primers; amplicon recovered from BX927147.1"
V2-SUB-14_SUB_Psyn_opA_gap13,designed:BG_A[0:17],0,17,17,47.06,designed,"BG_A: DESIGNED, NOT SOURCED - seeded rejection sampling, scripts/design_backgrounds.py; reproducible from that file alone"
V2-SUB-14_SUB_Psyn_opA_gap13,operator:opA_phoP,17,33,16,12.5,sourced,operator opA_phoP: PRODORIC MX000339 (confirmed Salmonella Sal_PhoP site)
V2-SUB-14_SUB_Psyn_opA_gap13,designed:BG_A[33:46],33,46,13,61.54,designed,"BG_A: DESIGNED, NOT SOURCED - seeded rejection sampling, scripts/design_backgrounds.py; reproducible from that file alone"
V2-SUB-14_SUB_Psyn_opA_gap13,core:Psyn,46,80,34,26.47,sourced,"core promoter Psyn: Henke, Krahn & Wendisch 2021, Microorganisms 9:204 (PMC7835838) Table 2 primers; amplicon recovered from BX927147.1"
V2-INS-01_INS_Psyn_opA_gap00,designed:UP_A,0,30,30,53.33,designed,"UP_A: DESIGNED, NOT SOURCED - seeded rejection sampling, scripts/design_backgrounds.py; reproducible from that file alone"
V2-INS-01_INS_Psyn_opA_gap00,operator:opA_phoP,30,46,16,12.5,sourced,operator opA_phoP: PRODORIC MX000339 (confirmed Salmonella Sal_PhoP site)
V2-INS-01_INS_Psyn_opA_gap00,core:Psyn,46,80,34,26.47,sourced,"core promoter Psyn: Henke, Krahn & Wendisch 2021, Microorganisms 9:204 (PMC7835838) Table 2 primers; amplicon recovered from BX927147.1"
V2-INS-02_INS_Psyn_opA_gap01,designed:UP_A,0,30,30,53.33,designed,"UP_A: DESIGNED, NOT SOURCED - seeded rejection sampling, scripts/design_backgrounds.py; reproducible from that file alone"
V2-INS-02_INS_Psyn_opA_gap01,operator:opA_phoP,30,46,16,12.5,sourced,operator opA_phoP: PRODORIC MX000339 (confirmed Salmonella Sal_PhoP site)
V2-INS-02_INS_Psyn_opA_gap01,designed:FILL_A[0:1],46,47,1,0.0,designed,"FILL_A: DESIGNED, NOT SOURCED - seeded rejection sampling, scripts/design_backgrounds.py; reproducible from that file alone"
V2-INS-02_INS_Psyn_opA_gap01,core:Psyn,47,81,34,26.47,sourced,"core promoter Psyn: Henke, Krahn & Wendisch 2021, Microorganisms 9:204 (PMC7835838) Table 2 primers; amplicon recovered from BX927147.1"
V2-INS-03_INS_Psyn_opA_gap02,designed:UP_A,0,30,30,53.33,designed,"UP_A: DESIGNED, NOT SOURCED - seeded rejection sampling, scripts/design_backgrounds.py; reproducible from that file alone"
V2-INS-03_INS_Psyn_opA_gap02,operator:opA_phoP,30,46,16,12.5,sourced,operator opA_phoP: PRODORIC MX000339 (confirmed Salmonella Sal_PhoP site)
V2-INS-03_INS_Psyn_opA_gap02,designed:FILL_A[0:2],46,48,2,50.0,designed,"FILL_A: DESIGNED, NOT SOURCED - seeded rejection sampling, scripts/design_backgrounds.py; reproducible from that file alone"
V2-INS-03_INS_Psyn_opA_gap02,core:Psyn,48,82,34,26.47,sourced,"core promoter Psyn: Henke, Krahn & Wendisch 2021, Microorganisms 9:204 (PMC7835838) Table 2 primers; amplicon recovered from BX927147.1"
V2-INS-04_INS_Psyn_opA_gap03,designed:UP_A,0,30,30,53.33,designed,"UP_A: DESIGNED, NOT SOURCED - seeded rejection sampling, scripts/design_backgrounds.py; reproducible from that file alone"
V2-INS-04_INS_Psyn_opA_gap03,operator:opA_phoP,30,46,16,12.5,sourced,operator opA_phoP: PRODORIC MX000339 (confirmed Salmonella Sal_PhoP site)
V2-INS-04_INS_Psyn_opA_gap03,designed:FILL_A[0:3],46,49,3,33.33,designed,"FILL_A: DESIGNED, NOT SOURCED - seeded rejection sampling, scripts/design_backgrounds.py; reproducible from that file alone"
V2-INS-04_INS_Psyn_opA_gap03,core:Psyn,49,83,34,26.47,sourced,"core promoter Psyn: Henke, Krahn & Wendisch 2021, Microorganisms 9:204 (PMC7835838) Table 2 primers; amplicon recovered from BX927147.1"
V2-INS-05_INS_Psyn_opA_gap04,designed:UP_A,0,30,30,53.33,designed,"UP_A: DESIGNED, NOT SOURCED - seeded rejection sampling, scripts/design_backgrounds.py; reproducible from that file alone"
V2-INS-05_INS_Psyn_opA_gap04,operator:opA_phoP,30,46,16,12.5,sourced,operator opA_phoP: PRODORIC MX000339 (confirmed Salmonella Sal_PhoP site)
V2-INS-05_INS_Psyn_opA_gap04,designed:FILL_A[0:4],46,50,4,50.0,designed,"FILL_A: DESIGNED, NOT SOURCED - seeded rejection sampling, scripts/design_backgrounds.py; reproducible from that file alone"
V2-INS-05_INS_Psyn_opA_gap04,core:Psyn,50,84,34,26.47,sourced,"core promoter Psyn: Henke, Krahn & Wendisch 2021, Microorganisms 9:204 (PMC7835838) Table 2 primers; amplicon recovered from BX927147.1"
V2-INS-06_INS_Psyn_opA_gap05,designed:UP_A,0,30,30,53.33,designed,"UP_A: DESIGNED, NOT SOURCED - seeded rejection sampling, scripts/design_backgrounds.py; reproducible from that file alone"
V2-INS-06_INS_Psyn_opA_gap05,operator:opA_phoP,30,46,16,12.5,sourced,operator opA_phoP: PRODORIC MX000339 (confirmed Salmonella Sal_PhoP site)
V2-INS-06_INS_Psyn_opA_gap05,designed:FILL_A[0:5],46,51,5,40.0,designed,"FILL_A: DESIGNED, NOT SOURCED - seeded rejection sampling, scripts/design_backgrounds.py; reproducible from that file alone"
V2-INS-06_INS_Psyn_opA_gap05,core:Psyn,51,85,34,26.47,sourced,"core promoter Psyn: Henke, Krahn & Wendisch 2021, Microorganisms 9:204 (PMC7835838) Table 2 primers; amplicon recovered from BX927147.1"
V2-INS-07_INS_Psyn_opA_gap06,designed:UP_A,0,30,30,53.33,designed,"UP_A: DESIGNED, NOT SOURCED - seeded rejection sampling, scripts/design_backgrounds.py; reproducible from that file alone"
V2-INS-07_INS_Psyn_opA_gap06,operator:opA_phoP,30,46,16,12.5,sourced,operator opA_phoP: PRODORIC MX000339 (confirmed Salmonella Sal_PhoP site)
V2-INS-07_INS_Psyn_opA_gap06,designed:FILL_A[0:6],46,52,6,50.0,designed,"FILL_A: DESIGNED, NOT SOURCED - seeded rejection sampling, scripts/design_backgrounds.py; reproducible from that file alone"
V2-INS-07_INS_Psyn_opA_gap06,core:Psyn,52,86,34,26.47,sourced,"core promoter Psyn: Henke, Krahn & Wendisch 2021, Microorganisms 9:204 (PMC7835838) Table 2 primers; amplicon recovered from BX927147.1"
V2-INS-08_INS_Psyn_opA_gap07,designed:UP_A,0,30,30,53.33,designed,"UP_A: DESIGNED, NOT SOURCED - seeded rejection sampling, scripts/design_backgrounds.py; reproducible from that file alone"
V2-INS-08_INS_Psyn_opA_gap07,operator:opA_phoP,30,46,16,12.5,sourced,operator opA_phoP: PRODORIC MX000339 (confirmed Salmonella Sal_PhoP site)
V2-INS-08_INS_Psyn_opA_gap07,designed:FILL_A[0:7],46,53,7,42.86,designed,"FILL_A: DESIGNED, NOT SOURCED - seeded rejection sampling, scripts/design_backgrounds.py; reproducible from that file alone"
V2-INS-08_INS_Psyn_opA_gap07,core:Psyn,53,87,34,26.47,sourced,"core promoter Psyn: Henke, Krahn & Wendisch 2021, Microorganisms 9:204 (PMC7835838) Table 2 primers; amplicon recovered from BX927147.1"
V2-INS-09_INS_Psyn_opA_gap08,designed:UP_A,0,30,30,53.33,designed,"UP_A: DESIGNED, NOT SOURCED - seeded rejection sampling, scripts/design_backgrounds.py; reproducible from that file alone"
V2-INS-09_INS_Psyn_opA_gap08,operator:opA_phoP,30,46,16,12.5,sourced,operator opA_phoP: PRODORIC MX000339 (confirmed Salmonella Sal_PhoP site)
V2-INS-09_INS_Psyn_opA_gap08,designed:FILL_A[0:8],46,54,8,50.0,designed,"FILL_A: DESIGNED, NOT SOURCED - seeded rejection sampling, scripts/design_backgrounds.py; reproducible from that file alone"
V2-INS-09_INS_Psyn_opA_gap08,core:Psyn,54,88,34,26.47,sourced,"core promoter Psyn: Henke, Krahn & Wendisch 2021, Microorganisms 9:204 (PMC7835838) Table 2 primers; amplicon recovered from BX927147.1"
V2-INS-10_INS_Psyn_opA_gap09,designed:UP_A,0,30,30,53.33,designed,"UP_A: DESIGNED, NOT SOURCED - seeded rejection sampling, scripts/design_backgrounds.py; reproducible from that file alone"
V2-INS-10_INS_Psyn_opA_gap09,operator:opA_phoP,30,46,16,12.5,sourced,operator opA_phoP: PRODORIC MX000339 (confirmed Salmonella Sal_PhoP site)
V2-INS-10_INS_Psyn_opA_gap09,designed:FILL_A[0:9],46,55,9,55.56,designed,"FILL_A: DESIGNED, NOT SOURCED - seeded rejection sampling, scripts/design_backgrounds.py; reproducible from that file alone"
V2-INS-10_INS_Psyn_opA_gap09,core:Psyn,55,89,34,26.47,sourced,"core promoter Psyn: Henke, Krahn & Wendisch 2021, Microorganisms 9:204 (PMC7835838) Table 2 primers; amplicon recovered from BX927147.1"
V2-INS-11_INS_Psyn_opA_gap10,designed:UP_A,0,30,30,53.33,designed,"UP_A: DESIGNED, NOT SOURCED - seeded rejection sampling, scripts/design_backgrounds.py; reproducible from that file alone"
V2-INS-11_INS_Psyn_opA_gap10,operator:opA_phoP,30,46,16,12.5,sourced,operator opA_phoP: PRODORIC MX000339 (confirmed Salmonella Sal_PhoP site)
V2-INS-11_INS_Psyn_opA_gap10,designed:FILL_A[0:10],46,56,10,60.0,designed,"FILL_A: DESIGNED, NOT SOURCED - seeded rejection sampling, scripts/design_backgrounds.py; reproducible from that file alone"
V2-INS-11_INS_Psyn_opA_gap10,core:Psyn,56,90,34,26.47,sourced,"core promoter Psyn: Henke, Krahn & Wendisch 2021, Microorganisms 9:204 (PMC7835838) Table 2 primers; amplicon recovered from BX927147.1"
V2-INS-12_INS_Psyn_opA_gap11,designed:UP_A,0,30,30,53.33,designed,"UP_A: DESIGNED, NOT SOURCED - seeded rejection sampling, scripts/design_backgrounds.py; reproducible from that file alone"
V2-INS-12_INS_Psyn_opA_gap11,operator:opA_phoP,30,46,16,12.5,sourced,operator opA_phoP: PRODORIC MX000339 (confirmed Salmonella Sal_PhoP site)
V2-INS-12_INS_Psyn_opA_gap11,designed:FILL_A[0:11],46,57,11,63.64,designed,"FILL_A: DESIGNED, NOT SOURCED - seeded rejection sampling, scripts/design_backgrounds.py; reproducible from that file alone"
V2-INS-12_INS_Psyn_opA_gap11,core:Psyn,57,91,34,26.47,sourced,"core promoter Psyn: Henke, Krahn & Wendisch 2021, Microorganisms 9:204 (PMC7835838) Table 2 primers; amplicon recovered from BX927147.1"
V2-INS-13_INS_Psyn_opA_gap12,designed:UP_A,0,30,30,53.33,designed,"UP_A: DESIGNED, NOT SOURCED - seeded rejection sampling, scripts/design_backgrounds.py; reproducible from that file alone"
V2-INS-13_INS_Psyn_opA_gap12,operator:opA_phoP,30,46,16,12.5,sourced,operator opA_phoP: PRODORIC MX000339 (confirmed Salmonella Sal_PhoP site)
V2-INS-13_INS_Psyn_opA_gap12,designed:FILL_A[0:12],46,58,12,58.33,designed,"FILL_A: DESIGNED, NOT SOURCED - seeded rejection sampling, scripts/design_backgrounds.py; reproducible from that file alone"
V2-INS-13_INS_Psyn_opA_gap12,core:Psyn,58,92,34,26.47,sourced,"core promoter Psyn: Henke, Krahn & Wendisch 2021, Microorganisms 9:204 (PMC7835838) Table 2 primers; amplicon recovered from BX927147.1"
V2-INS-14_INS_Psyn_opA_gap13,designed:UP_A,0,30,30,53.33,designed,"UP_A: DESIGNED, NOT SOURCED - seeded rejection sampling, scripts/design_backgrounds.py; reproducible from that file alone"
V2-INS-14_INS_Psyn_opA_gap13,operator:opA_phoP,30,46,16,12.5,sourced,operator opA_phoP: PRODORIC MX000339 (confirmed Salmonella Sal_PhoP site)
V2-INS-14_INS_Psyn_opA_gap13,designed:FILL_A[0:13],46,59,13,53.85,designed,"FILL_A: DESIGNED, NOT SOURCED - seeded rejection sampling, scripts/design_backgrounds.py; reproducible from that file alone"
V2-INS-14_INS_Psyn_opA_gap13,core:Psyn,59,93,34,26.47,sourced,"core promoter Psyn: Henke, Krahn & Wendisch 2021, Microorganisms 9:204 (PMC7835838) Table 2 primers; amplicon recovered from BX927147.1"
V2-INS-15_INS_PsodA_opA_gap00,designed:UP_A,0,30,30,53.33,designed,"UP_A: DESIGNED, NOT SOURCED - seeded rejection sampling, scripts/design_backgrounds.py; reproducible from that file alone"
V2-INS-15_INS_PsodA_opA_gap00,operator:opA_phoP,30,46,16,12.5,sourced,operator opA_phoP: PRODORIC MX000339 (confirmed Salmonella Sal_PhoP site)
V2-INS-15_INS_PsodA_opA_gap00,core:PsodA,46,149,103,45.63,sourced,"core promoter PsodA: Henke, Krahn & Wendisch 2021, Microorganisms 9:204 (PMC7835838) Table 2 primers; amplicon recovered from BX927147.1"
V2-INS-16_INS_PsodA_opA_gap03,designed:UP_A,0,30,30,53.33,designed,"UP_A: DESIGNED, NOT SOURCED - seeded rejection sampling, scripts/design_backgrounds.py; reproducible from that file alone"
V2-INS-16_INS_PsodA_opA_gap03,operator:opA_phoP,30,46,16,12.5,sourced,operator opA_phoP: PRODORIC MX000339 (confirmed Salmonella Sal_PhoP site)
V2-INS-16_INS_PsodA_opA_gap03,designed:FILL_A[0:3],46,49,3,33.33,designed,"FILL_A: DESIGNED, NOT SOURCED - seeded rejection sampling, scripts/design_backgrounds.py; reproducible from that file alone"
V2-INS-16_INS_PsodA_opA_gap03,core:PsodA,49,152,103,45.63,sourced,"core promoter PsodA: Henke, Krahn & Wendisch 2021, Microorganisms 9:204 (PMC7835838) Table 2 primers; amplicon recovered from BX927147.1"
V2-INS-17_INS_PsodA_opA_gap06,designed:UP_A,0,30,30,53.33,designed,"UP_A: DESIGNED, NOT SOURCED - seeded rejection sampling, scripts/design_backgrounds.py; reproducible from that file alone"
V2-INS-17_INS_PsodA_opA_gap06,operator:opA_phoP,30,46,16,12.5,sourced,operator opA_phoP: PRODORIC MX000339 (confirmed Salmonella Sal_PhoP site)
V2-INS-17_INS_PsodA_opA_gap06,designed:FILL_A[0:6],46,52,6,50.0,designed,"FILL_A: DESIGNED, NOT SOURCED - seeded rejection sampling, scripts/design_backgrounds.py; reproducible from that file alone"
V2-INS-17_INS_PsodA_opA_gap06,core:PsodA,52,155,103,45.63,sourced,"core promoter PsodA: Henke, Krahn & Wendisch 2021, Microorganisms 9:204 (PMC7835838) Table 2 primers; amplicon recovered from BX927147.1"
V2-INS-18_INS_PsodA_opA_gap10,designed:UP_A,0,30,30,53.33,designed,"UP_A: DESIGNED, NOT SOURCED - seeded rejection sampling, scripts/design_backgrounds.py; reproducible from that file alone"
V2-INS-18_INS_PsodA_opA_gap10,operator:opA_phoP,30,46,16,12.5,sourced,operator opA_phoP: PRODORIC MX000339 (confirmed Salmonella Sal_PhoP site)
V2-INS-18_INS_PsodA_opA_gap10,designed:FILL_A[0:10],46,56,10,60.0,designed,"FILL_A: DESIGNED, NOT SOURCED - seeded rejection sampling, scripts/design_backgrounds.py; reproducible from that file alone"
V2-INS-18_INS_PsodA_opA_gap10,core:PsodA,56,159,103,45.63,sourced,"core promoter PsodA: Henke, Krahn & Wendisch 2021, Microorganisms 9:204 (PMC7835838) Table 2 primers; amplicon recovered from BX927147.1"
V2-CTL-01_CTL_SUB_BGB_gap07,designed:BG_B[0:23],0,23,23,52.17,designed,"BG_B: DESIGNED, NOT SOURCED - seeded rejection sampling, scripts/design_backgrounds.py; reproducible from that file alone"
V2-CTL-01_CTL_SUB_BGB_gap07,operator:opA_phoP,23,39,16,12.5,sourced,operator opA_phoP: PRODORIC MX000339 (confirmed Salmonella Sal_PhoP site)
V2-CTL-01_CTL_SUB_BGB_gap07,designed:BG_B[39:46],39,46,7,57.14,designed,"BG_B: DESIGNED, NOT SOURCED - seeded rejection sampling, scripts/design_backgrounds.py; reproducible from that file alone"
V2-CTL-01_CTL_SUB_BGB_gap07,core:Psyn,46,80,34,26.47,sourced,"core promoter Psyn: Henke, Krahn & Wendisch 2021, Microorganisms 9:204 (PMC7835838) Table 2 primers; amplicon recovered from BX927147.1"
V2-CTL-02_CTL_SUB_BGC_gap07,designed:BG_C[0:23],0,23,23,52.17,designed,"BG_C: DESIGNED, NOT SOURCED - seeded rejection sampling, scripts/design_backgrounds.py; reproducible from that file alone"
V2-CTL-02_CTL_SUB_BGC_gap07,operator:opA_phoP,23,39,16,12.5,sourced,operator opA_phoP: PRODORIC MX000339 (confirmed Salmonella Sal_PhoP site)
V2-CTL-02_CTL_SUB_BGC_gap07,designed:BG_C[39:46],39,46,7,57.14,designed,"BG_C: DESIGNED, NOT SOURCED - seeded rejection sampling, scripts/design_backgrounds.py; reproducible from that file alone"
V2-CTL-02_CTL_SUB_BGC_gap07,core:Psyn,46,80,34,26.47,sourced,"core promoter Psyn: Henke, Krahn & Wendisch 2021, Microorganisms 9:204 (PMC7835838) Table 2 primers; amplicon recovered from BX927147.1"
V2-CTL-03_CTL_INS_FILLB_gap07,designed:UP_A,0,30,30,53.33,designed,"UP_A: DESIGNED, NOT SOURCED - seeded rejection sampling, scripts/design_backgrounds.py; reproducible from that file alone"
V2-CTL-03_CTL_INS_FILLB_gap07,operator:opA_phoP,30,46,16,12.5,sourced,operator opA_phoP: PRODORIC MX000339 (confirmed Salmonella Sal_PhoP site)
V2-CTL-03_CTL_INS_FILLB_gap07,designed:FILL_B[0:7],46,53,7,42.86,designed,"FILL_B: DESIGNED, NOT SOURCED - seeded rejection sampling, scripts/design_backgrounds.py; reproducible from that file alone"
V2-CTL-03_CTL_INS_FILLB_gap07,core:Psyn,53,87,34,26.47,sourced,"core promoter Psyn: Henke, Krahn & Wendisch 2021, Microorganisms 9:204 (PMC7835838) Table 2 primers; amplicon recovered from BX927147.1"
V2-OTH-01_Psyn_noop_ctrl_v2,designed:UP_A,0,30,30,53.33,designed,"UP_A: DESIGNED, NOT SOURCED - seeded rejection sampling, scripts/design_backgrounds.py; reproducible from that file alone"
V2-OTH-01_Psyn_noop_ctrl_v2,core:Psyn,30,64,34,26.47,sourced,"core promoter Psyn: Henke, Krahn & Wendisch 2021, Microorganisms 9:204 (PMC7835838) Table 2 primers; amplicon recovered from BX927147.1"
V2-OTH-02_Psyn_1x_scrambled_gap03_v2,designed:UP_A,0,30,30,53.33,designed,"UP_A: DESIGNED, NOT SOURCED - seeded rejection sampling, scripts/design_backgrounds.py; reproducible from that file alone"
V2-OTH-02_Psyn_1x_scrambled_gap03_v2,operator:scrambled_opA,30,46,16,12.5,designed,DESIGNED - composition-matched scramble of opA_phoP (scripts/design_promoter_panel.py)
V2-OTH-02_Psyn_1x_scrambled_gap03_v2,designed:FILL_A[0:3],46,49,3,33.33,designed,"FILL_A: DESIGNED, NOT SOURCED - seeded rejection sampling, scripts/design_backgrounds.py; reproducible from that file alone"
V2-OTH-02_Psyn_1x_scrambled_gap03_v2,core:Psyn,49,83,34,26.47,sourced,"core promoter Psyn: Henke, Krahn & Wendisch 2021, Microorganisms 9:204 (PMC7835838) Table 2 primers; amplicon recovered from BX927147.1"
V2-OTH-03_Psyn_2xopA_gap00_v2,designed:UP_A,0,30,30,53.33,designed,"UP_A: DESIGNED, NOT SOURCED - seeded rejection sampling, scripts/design_backgrounds.py; reproducible from that file alone"
V2-OTH-03_Psyn_2xopA_gap00_v2,operator:opA_phoP#1,30,46,16,12.5,sourced,operator opA_phoP: PRODORIC MX000339 (confirmed Salmonella Sal_PhoP site)
V2-OTH-03_Psyn_2xopA_gap00_v2,designed:TSP_A,46,48,2,50.0,designed,"TSP_A: DESIGNED, NOT SOURCED - seeded rejection sampling, scripts/design_backgrounds.py; reproducible from that file alone"
V2-OTH-03_Psyn_2xopA_gap00_v2,operator:opA_phoP#2,48,64,16,12.5,sourced,operator opA_phoP: PRODORIC MX000339 (confirmed Salmonella Sal_PhoP site)
V2-OTH-03_Psyn_2xopA_gap00_v2,core:Psyn,64,98,34,26.47,sourced,"core promoter Psyn: Henke, Krahn & Wendisch 2021, Microorganisms 9:204 (PMC7835838) Table 2 primers; amplicon recovered from BX927147.1"
V2-OTH-04_Psyn_1x_opB_gap00_v2,designed:UP_A,0,30,30,53.33,designed,"UP_A: DESIGNED, NOT SOURCED - seeded rejection sampling, scripts/design_backgrounds.py; reproducible from that file alone"
V2-OTH-04_Psyn_1x_opB_gap00_v2,operator:opB_mgtA,30,46,16,25.0,sourced,operator opB_mgtA: PRODORIC MX000339 (confirmed Salmonella Sal_PhoP site)
V2-OTH-04_Psyn_1x_opB_gap00_v2,core:Psyn,46,80,34,26.47,sourced,"core promoter Psyn: Henke, Krahn & Wendisch 2021, Microorganisms 9:204 (PMC7835838) Table 2 primers; amplicon recovered from BX927147.1"
V2-OTH-05_Psyn_2xopA_gap05_v2,designed:UP_A,0,30,30,53.33,designed,"UP_A: DESIGNED, NOT SOURCED - seeded rejection sampling, scripts/design_backgrounds.py; reproducible from that file alone"
V2-OTH-05_Psyn_2xopA_gap05_v2,operator:opA_phoP#1,30,46,16,12.5,sourced,operator opA_phoP: PRODORIC MX000339 (confirmed Salmonella Sal_PhoP site)
V2-OTH-05_Psyn_2xopA_gap05_v2,designed:TSP_A,46,48,2,50.0,designed,"TSP_A: DESIGNED, NOT SOURCED - seeded rejection sampling, scripts/design_backgrounds.py; reproducible from that file alone"
V2-OTH-05_Psyn_2xopA_gap05_v2,operator:opA_phoP#2,48,64,16,12.5,sourced,operator opA_phoP: PRODORIC MX000339 (confirmed Salmonella Sal_PhoP site)
V2-OTH-05_Psyn_2xopA_gap05_v2,designed:FILL_A[0:5],64,69,5,40.0,designed,"FILL_A: DESIGNED, NOT SOURCED - seeded rejection sampling, scripts/design_backgrounds.py; reproducible from that file alone"
V2-OTH-05_Psyn_2xopA_gap05_v2,core:Psyn,69,103,34,26.47,sourced,"core promoter Psyn: Henke, Krahn & Wendisch 2021, Microorganisms 9:204 (PMC7835838) Table 2 primers; amplicon recovered from BX927147.1"
V2-OTH-06_Psyn_1x_opB_gap05_v2,designed:UP_A,0,30,30,53.33,designed,"UP_A: DESIGNED, NOT SOURCED - seeded rejection sampling, scripts/design_backgrounds.py; reproducible from that file alone"
V2-OTH-06_Psyn_1x_opB_gap05_v2,operator:opB_mgtA,30,46,16,25.0,sourced,operator opB_mgtA: PRODORIC MX000339 (confirmed Salmonella Sal_PhoP site)
V2-OTH-06_Psyn_1x_opB_gap05_v2,designed:FILL_A[0:5],46,51,5,40.0,designed,"FILL_A: DESIGNED, NOT SOURCED - seeded rejection sampling, scripts/design_backgrounds.py; reproducible from that file alone"
V2-OTH-06_Psyn_1x_opB_gap05_v2,core:Psyn,51,85,34,26.47,sourced,"core promoter Psyn: Henke, Krahn & Wendisch 2021, Microorganisms 9:204 (PMC7835838) Table 2 primers; amplicon recovered from BX927147.1"
V2-OTH-07_Psyn_1x_opA_gap03_reta_v2,ctx:Psyn_N105_tail,0,21,21,61.9,sourced,"retained upstream context: PMC7835838 Table 2, vector-homology tail of primer N105 (Psyn-fw2)"
V2-OTH-07_Psyn_1x_opA_gap03_reta_v2,operator:opA_phoP,21,37,16,12.5,sourced,operator opA_phoP: PRODORIC MX000339 (confirmed Salmonella Sal_PhoP site)
V2-OTH-07_Psyn_1x_opA_gap03_reta_v2,designed:FILL_A[0:3],37,40,3,33.33,designed,"FILL_A: DESIGNED, NOT SOURCED - seeded rejection sampling, scripts/design_backgrounds.py; reproducible from that file alone"
V2-OTH-07_Psyn_1x_opA_gap03_reta_v2,core:Psyn,40,74,34,26.47,sourced,"core promoter Psyn: Henke, Krahn & Wendisch 2021, Microorganisms 9:204 (PMC7835838) Table 2 primers; amplicon recovered from BX927147.1"
V2-OTH-08_Psyn_1x_opA_gap05_reta_v2,ctx:Psyn_N105_tail,0,21,21,61.9,sourced,"retained upstream context: PMC7835838 Table 2, vector-homology tail of primer N105 (Psyn-fw2)"
V2-OTH-08_Psyn_1x_opA_gap05_reta_v2,operator:opA_phoP,21,37,16,12.5,sourced,operator opA_phoP: PRODORIC MX000339 (confirmed Salmonella Sal_PhoP site)
V2-OTH-08_Psyn_1x_opA_gap05_reta_v2,designed:FILL_A[0:5],37,42,5,40.0,designed,"FILL_A: DESIGNED, NOT SOURCED - seeded rejection sampling, scripts/design_backgrounds.py; reproducible from that file alone"
V2-OTH-08_Psyn_1x_opA_gap05_reta_v2,core:Psyn,42,76,34,26.47,sourced,"core promoter Psyn: Henke, Krahn & Wendisch 2021, Microorganisms 9:204 (PMC7835838) Table 2 primers; amplicon recovered from BX927147.1"
V2-OTH-09_PsodA_1x_opA_gap03_native_v2,ctx:PsodA_native40,0,40,40,45.0,sourced,"retained native upstream context (PsodA): BX927147.1, 40 bp immediately 5' of the validated amplicon"
V2-OTH-09_PsodA_1x_opA_gap03_native_v2,operator:opA_phoP,40,56,16,12.5,sourced,operator opA_phoP: PRODORIC MX000339 (confirmed Salmonella Sal_PhoP site)
V2-OTH-09_PsodA_1x_opA_gap03_native_v2,designed:FILL_A[0:3],56,59,3,33.33,designed,"FILL_A: DESIGNED, NOT SOURCED - seeded rejection sampling, scripts/design_backgrounds.py; reproducible from that file alone"
V2-OTH-09_PsodA_1x_opA_gap03_native_v2,core:PsodA,59,162,103,45.63,sourced,"core promoter PsodA: Henke, Krahn & Wendisch 2021, Microorganisms 9:204 (PMC7835838) Table 2 primers; amplicon recovered from BX927147.1"
V2-OTH-10_PsodA_1x_scrambled_gap03_v2,designed:UP_A,0,30,30,53.33,designed,"UP_A: DESIGNED, NOT SOURCED - seeded rejection sampling, scripts/design_backgrounds.py; reproducible from that file alone"
V2-OTH-10_PsodA_1x_scrambled_gap03_v2,operator:scrambled_opA,30,46,16,12.5,designed,DESIGNED - composition-matched scramble of opA_phoP (scripts/design_promoter_panel.py)
V2-OTH-10_PsodA_1x_scrambled_gap03_v2,designed:FILL_A[0:3],46,49,3,33.33,designed,"FILL_A: DESIGNED, NOT SOURCED - seeded rejection sampling, scripts/design_backgrounds.py; reproducible from that file alone"
V2-OTH-10_PsodA_1x_scrambled_gap03_v2,core:PsodA,49,152,103,45.63,sourced,"core promoter PsodA: Henke, Krahn & Wendisch 2021, Microorganisms 9:204 (PMC7835838) Table 2 primers; amplicon recovered from BX927147.1"
V2-OTH-11_PsodA_2xopA_gap03_v2,designed:UP_A,0,30,30,53.33,designed,"UP_A: DESIGNED, NOT SOURCED - seeded rejection sampling, scripts/design_backgrounds.py; reproducible from that file alone"
V2-OTH-11_PsodA_2xopA_gap03_v2,operator:opA_phoP#1,30,46,16,12.5,sourced,operator opA_phoP: PRODORIC MX000339 (confirmed Salmonella Sal_PhoP site)
V2-OTH-11_PsodA_2xopA_gap03_v2,designed:TSP_A,46,48,2,50.0,designed,"TSP_A: DESIGNED, NOT SOURCED - seeded rejection sampling, scripts/design_backgrounds.py; reproducible from that file alone"
V2-OTH-11_PsodA_2xopA_gap03_v2,operator:opA_phoP#2,48,64,16,12.5,sourced,operator opA_phoP: PRODORIC MX000339 (confirmed Salmonella Sal_PhoP site)
V2-OTH-11_PsodA_2xopA_gap03_v2,designed:FILL_A[0:3],64,67,3,33.33,designed,"FILL_A: DESIGNED, NOT SOURCED - seeded rejection sampling, scripts/design_backgrounds.py; reproducible from that file alone"
V2-OTH-11_PsodA_2xopA_gap03_v2,core:PsodA,67,170,103,45.63,sourced,"core promoter PsodA: Henke, Krahn & Wendisch 2021, Microorganisms 9:204 (PMC7835838) Table 2 primers; amplicon recovered from BX927147.1"
V2-OTH-12_PsodA_noop_ctrl_v2,designed:UP_A,0,30,30,53.33,designed,"UP_A: DESIGNED, NOT SOURCED - seeded rejection sampling, scripts/design_backgrounds.py; reproducible from that file alone"
V2-OTH-12_PsodA_noop_ctrl_v2,core:PsodA,30,133,103,45.63,sourced,"core promoter PsodA: Henke, Krahn & Wendisch 2021, Microorganisms 9:204 (PMC7835838) Table 2 primers; amplicon recovered from BX927147.1"
V2-OTH-13_Ptuf_1x_opA_gap03_repl_v2,designed:UP_A,0,30,30,53.33,designed,"UP_A: DESIGNED, NOT SOURCED - seeded rejection sampling, scripts/design_backgrounds.py; reproducible from that file alone"
V2-OTH-13_Ptuf_1x_opA_gap03_repl_v2,operator:opA_phoP,30,46,16,12.5,sourced,operator opA_phoP: PRODORIC MX000339 (confirmed Salmonella Sal_PhoP site)
V2-OTH-13_Ptuf_1x_opA_gap03_repl_v2,designed:FILL_A[0:3],46,49,3,33.33,designed,"FILL_A: DESIGNED, NOT SOURCED - seeded rejection sampling, scripts/design_backgrounds.py; reproducible from that file alone"
V2-OTH-13_Ptuf_1x_opA_gap03_repl_v2,core:Ptuf,49,200,151,45.7,sourced,"core promoter Ptuf: Henke, Krahn & Wendisch 2021, Microorganisms 9:204 (PMC7835838) Table 2 primers; amplicon recovered from BX927147.1"
V2-OTH-14_Ptuf_1x_opA_gap03_reta_v2,ctx:Ptuf_native40,0,40,40,60.0,sourced,"retained native upstream context (Ptuf): BX927147.1, 40 bp immediately 5' of the validated amplicon"
V2-OTH-14_Ptuf_1x_opA_gap03_reta_v2,operator:opA_phoP,40,56,16,12.5,sourced,operator opA_phoP: PRODORIC MX000339 (confirmed Salmonella Sal_PhoP site)
V2-OTH-14_Ptuf_1x_opA_gap03_reta_v2,designed:FILL_A[0:3],56,59,3,33.33,designed,"FILL_A: DESIGNED, NOT SOURCED - seeded rejection sampling, scripts/design_backgrounds.py; reproducible from that file alone"
V2-OTH-14_Ptuf_1x_opA_gap03_reta_v2,core:Ptuf,59,210,151,45.7,sourced,"core promoter Ptuf: Henke, Krahn & Wendisch 2021, Microorganisms 9:204 (PMC7835838) Table 2 primers; amplicon recovered from BX927147.1"
V2-OTH-15_Ptuf_noop_ctrl_v2,designed:UP_A,0,30,30,53.33,designed,"UP_A: DESIGNED, NOT SOURCED - seeded rejection sampling, scripts/design_backgrounds.py; reproducible from that file alone"
V2-OTH-15_Ptuf_noop_ctrl_v2,core:Ptuf,30,181,151,45.7,sourced,"core promoter Ptuf: Henke, Krahn & Wendisch 2021, Microorganisms 9:204 (PMC7835838) Table 2 primers; amplicon recovered from BX927147.1"
V2-CX-01_SUB_Psyn_opA_gap00__HP06_NCgl2501,designed:BG_A[0:30],0,30,30,53.33,designed,"BG_A: DESIGNED, NOT SOURCED - seeded rejection sampling, scripts/design_backgrounds.py; reproducible from that file alone"
V2-CX-01_SUB_Psyn_opA_gap00__HP06_NCgl2501,operator:opA_phoP,30,46,16,12.5,sourced,operator opA_phoP: PRODORIC MX000339 (confirmed Salmonella Sal_PhoP site)
V2-CX-01_SUB_Psyn_opA_gap00__HP06_NCgl2501,core:Psyn,46,80,34,26.47,sourced,"core promoter Psyn: Henke, Krahn & Wendisch 2021, Microorganisms 9:204 (PMC7835838) Table 2 primers; amplicon recovered from BX927147.1"
V2-CX-01_SUB_Psyn_opA_gap00__HP06_NCgl2501,designed:TSS_spacer_TC,80,82,2,50.0,designed,"DESIGNED, NOT SOURCED - 2 nt spacer inserted to place the fore-cistron start codon on the predicted transcription start site; choice of TC justified in REPORT_tier1_edits.md §1 (C and CC recreate an NcoI site)"
V2-CX-01_SUB_Psyn_opA_gap00__HP06_NCgl2501,forecistron:HP-6,82,144,62,56.45,sourced,"fore-cistron HP-6 (NCgl2501, NCgl2501): Liu et al. 2023 ACS Synth Biol 12:2157-2167 (PMC10367133) Table 1; verified vs BX927147.1"
V2-CX-01_SUB_Psyn_opA_gap00__HP06_NCgl2501,SD2,144,157,13,46.15,sourced,"SD2 motif: PMC10367133 body text, verbatim ('AAAGGAGGACAAC')"
V2-CX-01_SUB_Psyn_opA_gap00__HP06_NCgl2501,TAATG_frag,157,159,2,0.0,sourced,"TAATG coupling frame, 5' 2 nt: PMC10367133 body text, TAATG coupling frame (fragment carries the 'TA')"
V2-CX-02_SUB_Psyn_opA_gap00__HP12_NCgl2826,designed:BG_A[0:30],0,30,30,53.33,designed,"BG_A: DESIGNED, NOT SOURCED - seeded rejection sampling, scripts/design_backgrounds.py; reproducible from that file alone"
V2-CX-02_SUB_Psyn_opA_gap00__HP12_NCgl2826,operator:opA_phoP,30,46,16,12.5,sourced,operator opA_phoP: PRODORIC MX000339 (confirmed Salmonella Sal_PhoP site)
V2-CX-02_SUB_Psyn_opA_gap00__HP12_NCgl2826,core:Psyn,46,80,34,26.47,sourced,"core promoter Psyn: Henke, Krahn & Wendisch 2021, Microorganisms 9:204 (PMC7835838) Table 2 primers; amplicon recovered from BX927147.1"
V2-CX-02_SUB_Psyn_opA_gap00__HP12_NCgl2826,designed:TSS_spacer_TC,80,82,2,50.0,designed,"DESIGNED, NOT SOURCED - 2 nt spacer inserted to place the fore-cistron start codon on the predicted transcription start site; choice of TC justified in REPORT_tier1_edits.md §1 (C and CC recreate an NcoI site)"
V2-CX-02_SUB_Psyn_opA_gap00__HP12_NCgl2826,forecistron:HP-12,82,144,62,54.84,sourced,"fore-cistron HP-12 (NCgl2826, NCgl2826): Liu et al. 2023 ACS Synth Biol 12:2157-2167 (PMC10367133) Table 1; verified vs BX927147.1"
V2-CX-02_SUB_Psyn_opA_gap00__HP12_NCgl2826,SD2,144,157,13,46.15,sourced,"SD2 motif: PMC10367133 body text, verbatim ('AAAGGAGGACAAC')"
V2-CX-02_SUB_Psyn_opA_gap00__HP12_NCgl2826,TAATG_frag,157,159,2,0.0,sourced,"TAATG coupling frame, 5' 2 nt: PMC10367133 body text, TAATG coupling frame (fragment carries the 'TA')"
V2-CX-03_SUB_Psyn_opA_gap00__HP07_gpmA,designed:BG_A[0:30],0,30,30,53.33,designed,"BG_A: DESIGNED, NOT SOURCED - seeded rejection sampling, scripts/design_backgrounds.py; reproducible from that file alone"
V2-CX-03_SUB_Psyn_opA_gap00__HP07_gpmA,operator:opA_phoP,30,46,16,12.5,sourced,operator opA_phoP: PRODORIC MX000339 (confirmed Salmonella Sal_PhoP site)
V2-CX-03_SUB_Psyn_opA_gap00__HP07_gpmA,core:Psyn,46,80,34,26.47,sourced,"core promoter Psyn: Henke, Krahn & Wendisch 2021, Microorganisms 9:204 (PMC7835838) Table 2 primers; amplicon recovered from BX927147.1"
V2-CX-03_SUB_Psyn_opA_gap00__HP07_gpmA,designed:TSS_spacer_TC,80,82,2,50.0,designed,"DESIGNED, NOT SOURCED - 2 nt spacer inserted to place the fore-cistron start codon on the predicted transcription start site; choice of TC justified in REPORT_tier1_edits.md §1 (C and CC recreate an NcoI site)"
V2-CX-03_SUB_Psyn_opA_gap00__HP07_gpmA,forecistron:HP-7,82,144,62,45.16,sourced,"fore-cistron HP-7 (gpmA, NCgl0390): Liu et al. 2023 ACS Synth Biol 12:2157-2167 (PMC10367133) Table 1; verified vs BX927147.1"
V2-CX-03_SUB_Psyn_opA_gap00__HP07_gpmA,SD2,144,157,13,46.15,sourced,"SD2 motif: PMC10367133 body text, verbatim ('AAAGGAGGACAAC')"
V2-CX-03_SUB_Psyn_opA_gap00__HP07_gpmA,TAATG_frag,157,159,2,0.0,sourced,"TAATG coupling frame, 5' 2 nt: PMC10367133 body text, TAATG coupling frame (fragment carries the 'TA')"
V2-CX-04_SUB_Psyn_opA_gap03__HP06_NCgl2501,designed:BG_A[0:27],0,27,27,51.85,designed,"BG_A: DESIGNED, NOT SOURCED - seeded rejection sampling, scripts/design_backgrounds.py; reproducible from that file alone"
V2-CX-04_SUB_Psyn_opA_gap03__HP06_NCgl2501,operator:opA_phoP,27,43,16,12.5,sourced,operator opA_phoP: PRODORIC MX000339 (confirmed Salmonella Sal_PhoP site)
V2-CX-04_SUB_Psyn_opA_gap03__HP06_NCgl2501,designed:BG_A[43:46],43,46,3,66.67,designed,"BG_A: DESIGNED, NOT SOURCED - seeded rejection sampling, scripts/design_backgrounds.py; reproducible from that file alone"
V2-CX-04_SUB_Psyn_opA_gap03__HP06_NCgl2501,core:Psyn,46,80,34,26.47,sourced,"core promoter Psyn: Henke, Krahn & Wendisch 2021, Microorganisms 9:204 (PMC7835838) Table 2 primers; amplicon recovered from BX927147.1"
V2-CX-04_SUB_Psyn_opA_gap03__HP06_NCgl2501,designed:TSS_spacer_TC,80,82,2,50.0,designed,"DESIGNED, NOT SOURCED - 2 nt spacer inserted to place the fore-cistron start codon on the predicted transcription start site; choice of TC justified in REPORT_tier1_edits.md §1 (C and CC recreate an NcoI site)"
V2-CX-04_SUB_Psyn_opA_gap03__HP06_NCgl2501,forecistron:HP-6,82,144,62,56.45,sourced,"fore-cistron HP-6 (NCgl2501, NCgl2501): Liu et al. 2023 ACS Synth Biol 12:2157-2167 (PMC10367133) Table 1; verified vs BX927147.1"
V2-CX-04_SUB_Psyn_opA_gap03__HP06_NCgl2501,SD2,144,157,13,46.15,sourced,"SD2 motif: PMC10367133 body text, verbatim ('AAAGGAGGACAAC')"
V2-CX-04_SUB_Psyn_opA_gap03__HP06_NCgl2501,TAATG_frag,157,159,2,0.0,sourced,"TAATG coupling frame, 5' 2 nt: PMC10367133 body text, TAATG coupling frame (fragment carries the 'TA')"
V2-CX-05_SUB_Psyn_opA_gap03__HP12_NCgl2826,designed:BG_A[0:27],0,27,27,51.85,designed,"BG_A: DESIGNED, NOT SOURCED - seeded rejection sampling, scripts/design_backgrounds.py; reproducible from that file alone"
V2-CX-05_SUB_Psyn_opA_gap03__HP12_NCgl2826,operator:opA_phoP,27,43,16,12.5,sourced,operator opA_phoP: PRODORIC MX000339 (confirmed Salmonella Sal_PhoP site)
V2-CX-05_SUB_Psyn_opA_gap03__HP12_NCgl2826,designed:BG_A[43:46],43,46,3,66.67,designed,"BG_A: DESIGNED, NOT SOURCED - seeded rejection sampling, scripts/design_backgrounds.py; reproducible from that file alone"
V2-CX-05_SUB_Psyn_opA_gap03__HP12_NCgl2826,core:Psyn,46,80,34,26.47,sourced,"core promoter Psyn: Henke, Krahn & Wendisch 2021, Microorganisms 9:204 (PMC7835838) Table 2 primers; amplicon recovered from BX927147.1"
V2-CX-05_SUB_Psyn_opA_gap03__HP12_NCgl2826,designed:TSS_spacer_TC,80,82,2,50.0,designed,"DESIGNED, NOT SOURCED - 2 nt spacer inserted to place the fore-cistron start codon on the predicted transcription start site; choice of TC justified in REPORT_tier1_edits.md §1 (C and CC recreate an NcoI site)"
V2-CX-05_SUB_Psyn_opA_gap03__HP12_NCgl2826,forecistron:HP-12,82,144,62,54.84,sourced,"fore-cistron HP-12 (NCgl2826, NCgl2826): Liu et al. 2023 ACS Synth Biol 12:2157-2167 (PMC10367133) Table 1; verified vs BX927147.1"
V2-CX-05_SUB_Psyn_opA_gap03__HP12_NCgl2826,SD2,144,157,13,46.15,sourced,"SD2 motif: PMC10367133 body text, verbatim ('AAAGGAGGACAAC')"
V2-CX-05_SUB_Psyn_opA_gap03__HP12_NCgl2826,TAATG_frag,157,159,2,0.0,sourced,"TAATG coupling frame, 5' 2 nt: PMC10367133 body text, TAATG coupling frame (fragment carries the 'TA')"
V2-CX-06_SUB_Psyn_opA_gap03__HP07_gpmA,designed:BG_A[0:27],0,27,27,51.85,designed,"BG_A: DESIGNED, NOT SOURCED - seeded rejection sampling, scripts/design_backgrounds.py; reproducible from that file alone"
V2-CX-06_SUB_Psyn_opA_gap03__HP07_gpmA,operator:opA_phoP,27,43,16,12.5,sourced,operator opA_phoP: PRODORIC MX000339 (confirmed Salmonella Sal_PhoP site)
V2-CX-06_SUB_Psyn_opA_gap03__HP07_gpmA,designed:BG_A[43:46],43,46,3,66.67,designed,"BG_A: DESIGNED, NOT SOURCED - seeded rejection sampling, scripts/design_backgrounds.py; reproducible from that file alone"
V2-CX-06_SUB_Psyn_opA_gap03__HP07_gpmA,core:Psyn,46,80,34,26.47,sourced,"core promoter Psyn: Henke, Krahn & Wendisch 2021, Microorganisms 9:204 (PMC7835838) Table 2 primers; amplicon recovered from BX927147.1"
V2-CX-06_SUB_Psyn_opA_gap03__HP07_gpmA,designed:TSS_spacer_TC,80,82,2,50.0,designed,"DESIGNED, NOT SOURCED - 2 nt spacer inserted to place the fore-cistron start codon on the predicted transcription start site; choice of TC justified in REPORT_tier1_edits.md §1 (C and CC recreate an NcoI site)"
V2-CX-06_SUB_Psyn_opA_gap03__HP07_gpmA,forecistron:HP-7,82,144,62,45.16,sourced,"fore-cistron HP-7 (gpmA, NCgl0390): Liu et al. 2023 ACS Synth Biol 12:2157-2167 (PMC10367133) Table 1; verified vs BX927147.1"
V2-CX-06_SUB_Psyn_opA_gap03__HP07_gpmA,SD2,144,157,13,46.15,sourced,"SD2 motif: PMC10367133 body text, verbatim ('AAAGGAGGACAAC')"
V2-CX-06_SUB_Psyn_opA_gap03__HP07_gpmA,TAATG_frag,157,159,2,0.0,sourced,"TAATG coupling frame, 5' 2 nt: PMC10367133 body text, TAATG coupling frame (fragment carries the 'TA')"
V2-CX-07_SUB_Psyn_opA_gap05__HP06_NCgl2501,designed:BG_A[0:25],0,25,25,52.0,designed,"BG_A: DESIGNED, NOT SOURCED - seeded rejection sampling, scripts/design_backgrounds.py; reproducible from that file alone"
V2-CX-07_SUB_Psyn_opA_gap05__HP06_NCgl2501,operator:opA_phoP,25,41,16,12.5,sourced,operator opA_phoP: PRODORIC MX000339 (confirmed Salmonella Sal_PhoP site)
V2-CX-07_SUB_Psyn_opA_gap05__HP06_NCgl2501,designed:BG_A[41:46],41,46,5,60.0,designed,"BG_A: DESIGNED, NOT SOURCED - seeded rejection sampling, scripts/design_backgrounds.py; reproducible from that file alone"
V2-CX-07_SUB_Psyn_opA_gap05__HP06_NCgl2501,core:Psyn,46,80,34,26.47,sourced,"core promoter Psyn: Henke, Krahn & Wendisch 2021, Microorganisms 9:204 (PMC7835838) Table 2 primers; amplicon recovered from BX927147.1"
V2-CX-07_SUB_Psyn_opA_gap05__HP06_NCgl2501,designed:TSS_spacer_TC,80,82,2,50.0,designed,"DESIGNED, NOT SOURCED - 2 nt spacer inserted to place the fore-cistron start codon on the predicted transcription start site; choice of TC justified in REPORT_tier1_edits.md §1 (C and CC recreate an NcoI site)"
V2-CX-07_SUB_Psyn_opA_gap05__HP06_NCgl2501,forecistron:HP-6,82,144,62,56.45,sourced,"fore-cistron HP-6 (NCgl2501, NCgl2501): Liu et al. 2023 ACS Synth Biol 12:2157-2167 (PMC10367133) Table 1; verified vs BX927147.1"
V2-CX-07_SUB_Psyn_opA_gap05__HP06_NCgl2501,SD2,144,157,13,46.15,sourced,"SD2 motif: PMC10367133 body text, verbatim ('AAAGGAGGACAAC')"
V2-CX-07_SUB_Psyn_opA_gap05__HP06_NCgl2501,TAATG_frag,157,159,2,0.0,sourced,"TAATG coupling frame, 5' 2 nt: PMC10367133 body text, TAATG coupling frame (fragment carries the 'TA')"
V2-CX-08_SUB_Psyn_opA_gap05__HP12_NCgl2826,designed:BG_A[0:25],0,25,25,52.0,designed,"BG_A: DESIGNED, NOT SOURCED - seeded rejection sampling, scripts/design_backgrounds.py; reproducible from that file alone"
V2-CX-08_SUB_Psyn_opA_gap05__HP12_NCgl2826,operator:opA_phoP,25,41,16,12.5,sourced,operator opA_phoP: PRODORIC MX000339 (confirmed Salmonella Sal_PhoP site)
V2-CX-08_SUB_Psyn_opA_gap05__HP12_NCgl2826,designed:BG_A[41:46],41,46,5,60.0,designed,"BG_A: DESIGNED, NOT SOURCED - seeded rejection sampling, scripts/design_backgrounds.py; reproducible from that file alone"
V2-CX-08_SUB_Psyn_opA_gap05__HP12_NCgl2826,core:Psyn,46,80,34,26.47,sourced,"core promoter Psyn: Henke, Krahn & Wendisch 2021, Microorganisms 9:204 (PMC7835838) Table 2 primers; amplicon recovered from BX927147.1"
V2-CX-08_SUB_Psyn_opA_gap05__HP12_NCgl2826,designed:TSS_spacer_TC,80,82,2,50.0,designed,"DESIGNED, NOT SOURCED - 2 nt spacer inserted to place the fore-cistron start codon on the predicted transcription start site; choice of TC justified in REPORT_tier1_edits.md §1 (C and CC recreate an NcoI site)"
V2-CX-08_SUB_Psyn_opA_gap05__HP12_NCgl2826,forecistron:HP-12,82,144,62,54.84,sourced,"fore-cistron HP-12 (NCgl2826, NCgl2826): Liu et al. 2023 ACS Synth Biol 12:2157-2167 (PMC10367133) Table 1; verified vs BX927147.1"
V2-CX-08_SUB_Psyn_opA_gap05__HP12_NCgl2826,SD2,144,157,13,46.15,sourced,"SD2 motif: PMC10367133 body text, verbatim ('AAAGGAGGACAAC')"
V2-CX-08_SUB_Psyn_opA_gap05__HP12_NCgl2826,TAATG_frag,157,159,2,0.0,sourced,"TAATG coupling frame, 5' 2 nt: PMC10367133 body text, TAATG coupling frame (fragment carries the 'TA')"
V2-CX-09_SUB_Psyn_opA_gap05__HP07_gpmA,designed:BG_A[0:25],0,25,25,52.0,designed,"BG_A: DESIGNED, NOT SOURCED - seeded rejection sampling, scripts/design_backgrounds.py; reproducible from that file alone"
V2-CX-09_SUB_Psyn_opA_gap05__HP07_gpmA,operator:opA_phoP,25,41,16,12.5,sourced,operator opA_phoP: PRODORIC MX000339 (confirmed Salmonella Sal_PhoP site)
V2-CX-09_SUB_Psyn_opA_gap05__HP07_gpmA,designed:BG_A[41:46],41,46,5,60.0,designed,"BG_A: DESIGNED, NOT SOURCED - seeded rejection sampling, scripts/design_backgrounds.py; reproducible from that file alone"
V2-CX-09_SUB_Psyn_opA_gap05__HP07_gpmA,core:Psyn,46,80,34,26.47,sourced,"core promoter Psyn: Henke, Krahn & Wendisch 2021, Microorganisms 9:204 (PMC7835838) Table 2 primers; amplicon recovered from BX927147.1"
V2-CX-09_SUB_Psyn_opA_gap05__HP07_gpmA,designed:TSS_spacer_TC,80,82,2,50.0,designed,"DESIGNED, NOT SOURCED - 2 nt spacer inserted to place the fore-cistron start codon on the predicted transcription start site; choice of TC justified in REPORT_tier1_edits.md §1 (C and CC recreate an NcoI site)"
V2-CX-09_SUB_Psyn_opA_gap05__HP07_gpmA,forecistron:HP-7,82,144,62,45.16,sourced,"fore-cistron HP-7 (gpmA, NCgl0390): Liu et al. 2023 ACS Synth Biol 12:2157-2167 (PMC10367133) Table 1; verified vs BX927147.1"
V2-CX-09_SUB_Psyn_opA_gap05__HP07_gpmA,SD2,144,157,13,46.15,sourced,"SD2 motif: PMC10367133 body text, verbatim ('AAAGGAGGACAAC')"
V2-CX-09_SUB_Psyn_opA_gap05__HP07_gpmA,TAATG_frag,157,159,2,0.0,sourced,"TAATG coupling frame, 5' 2 nt: PMC10367133 body text, TAATG coupling frame (fragment carries the 'TA')"
V2-CX-10_SUB_Psyn_opA_gap03__HP01_groES,designed:BG_A[0:27],0,27,27,51.85,designed,"BG_A: DESIGNED, NOT SOURCED - seeded rejection sampling, scripts/design_backgrounds.py; reproducible from that file alone"
V2-CX-10_SUB_Psyn_opA_gap03__HP01_groES,operator:opA_phoP,27,43,16,12.5,sourced,operator opA_phoP: PRODORIC MX000339 (confirmed Salmonella Sal_PhoP site)
V2-CX-10_SUB_Psyn_opA_gap03__HP01_groES,designed:BG_A[43:46],43,46,3,66.67,designed,"BG_A: DESIGNED, NOT SOURCED - seeded rejection sampling, scripts/design_backgrounds.py; reproducible from that file alone"
V2-CX-10_SUB_Psyn_opA_gap03__HP01_groES,core:Psyn,46,80,34,26.47,sourced,"core promoter Psyn: Henke, Krahn & Wendisch 2021, Microorganisms 9:204 (PMC7835838) Table 2 primers; amplicon recovered from BX927147.1"
V2-CX-10_SUB_Psyn_opA_gap03__HP01_groES,designed:TSS_spacer_TC,80,82,2,50.0,designed,"DESIGNED, NOT SOURCED - 2 nt spacer inserted to place the fore-cistron start codon on the predicted transcription start site; choice of TC justified in REPORT_tier1_edits.md §1 (C and CC recreate an NcoI site)"
V2-CX-10_SUB_Psyn_opA_gap03__HP01_groES,forecistron:HP-1,82,144,62,48.39,sourced,"fore-cistron HP-1 (groES, NCgl0572): Liu et al. 2023 ACS Synth Biol 12:2157-2167 (PMC10367133) Table 1; verified vs BX927147.1"
V2-CX-10_SUB_Psyn_opA_gap03__HP01_groES,SD2,144,157,13,46.15,sourced,"SD2 motif: PMC10367133 body text, verbatim ('AAAGGAGGACAAC')"
V2-CX-10_SUB_Psyn_opA_gap03__HP01_groES,TAATG_frag,157,159,2,0.0,sourced,"TAATG coupling frame, 5' 2 nt: PMC10367133 body text, TAATG coupling frame (fragment carries the 'TA')"
V2-CX-11_SUB_Psyn_opA_gap03__HP02_ndk,designed:BG_A[0:27],0,27,27,51.85,designed,"BG_A: DESIGNED, NOT SOURCED - seeded rejection sampling, scripts/design_backgrounds.py; reproducible from that file alone"
V2-CX-11_SUB_Psyn_opA_gap03__HP02_ndk,operator:opA_phoP,27,43,16,12.5,sourced,operator opA_phoP: PRODORIC MX000339 (confirmed Salmonella Sal_PhoP site)
V2-CX-11_SUB_Psyn_opA_gap03__HP02_ndk,designed:BG_A[43:46],43,46,3,66.67,designed,"BG_A: DESIGNED, NOT SOURCED - seeded rejection sampling, scripts/design_backgrounds.py; reproducible from that file alone"
V2-CX-11_SUB_Psyn_opA_gap03__HP02_ndk,core:Psyn,46,80,34,26.47,sourced,"core promoter Psyn: Henke, Krahn & Wendisch 2021, Microorganisms 9:204 (PMC7835838) Table 2 primers; amplicon recovered from BX927147.1"
V2-CX-11_SUB_Psyn_opA_gap03__HP02_ndk,designed:TSS_spacer_TC,80,82,2,50.0,designed,"DESIGNED, NOT SOURCED - 2 nt spacer inserted to place the fore-cistron start codon on the predicted transcription start site; choice of TC justified in REPORT_tier1_edits.md §1 (C and CC recreate an NcoI site)"
V2-CX-11_SUB_Psyn_opA_gap03__HP02_ndk,forecistron:HP-2,82,144,62,51.61,sourced,"fore-cistron HP-2 (ndk, NCgl2287): Liu et al. 2023 ACS Synth Biol 12:2157-2167 (PMC10367133) Table 1; verified vs BX927147.1"
V2-CX-11_SUB_Psyn_opA_gap03__HP02_ndk,SD2,144,157,13,46.15,sourced,"SD2 motif: PMC10367133 body text, verbatim ('AAAGGAGGACAAC')"
V2-CX-11_SUB_Psyn_opA_gap03__HP02_ndk,TAATG_frag,157,159,2,0.0,sourced,"TAATG coupling frame, 5' 2 nt: PMC10367133 body text, TAATG coupling frame (fragment carries the 'TA')"
V2-CX-12_SUB_Psyn_opA_gap03__HP09_clpP,designed:BG_A[0:27],0,27,27,51.85,designed,"BG_A: DESIGNED, NOT SOURCED - seeded rejection sampling, scripts/design_backgrounds.py; reproducible from that file alone"
V2-CX-12_SUB_Psyn_opA_gap03__HP09_clpP,operator:opA_phoP,27,43,16,12.5,sourced,operator opA_phoP: PRODORIC MX000339 (confirmed Salmonella Sal_PhoP site)
V2-CX-12_SUB_Psyn_opA_gap03__HP09_clpP,designed:BG_A[43:46],43,46,3,66.67,designed,"BG_A: DESIGNED, NOT SOURCED - seeded rejection sampling, scripts/design_backgrounds.py; reproducible from that file alone"
V2-CX-12_SUB_Psyn_opA_gap03__HP09_clpP,core:Psyn,46,80,34,26.47,sourced,"core promoter Psyn: Henke, Krahn & Wendisch 2021, Microorganisms 9:204 (PMC7835838) Table 2 primers; amplicon recovered from BX927147.1"
V2-CX-12_SUB_Psyn_opA_gap03__HP09_clpP,designed:TSS_spacer_TC,80,82,2,50.0,designed,"DESIGNED, NOT SOURCED - 2 nt spacer inserted to place the fore-cistron start codon on the predicted transcription start site; choice of TC justified in REPORT_tier1_edits.md §1 (C and CC recreate an NcoI site)"
V2-CX-12_SUB_Psyn_opA_gap03__HP09_clpP,forecistron:HP-9,82,144,62,53.23,sourced,"fore-cistron HP-9 (clpP, NCgl2328): Liu et al. 2023 ACS Synth Biol 12:2157-2167 (PMC10367133) Table 1; verified vs BX927147.1"
V2-CX-12_SUB_Psyn_opA_gap03__HP09_clpP,SD2,144,157,13,46.15,sourced,"SD2 motif: PMC10367133 body text, verbatim ('AAAGGAGGACAAC')"
V2-CX-12_SUB_Psyn_opA_gap03__HP09_clpP,TAATG_frag,157,159,2,0.0,sourced,"TAATG coupling frame, 5' 2 nt: PMC10367133 body text, TAATG coupling frame (fragment carries the 'TA')"
V2-CX-13_SUB_Psyn_opA_gap03__HP10_adk,designed:BG_A[0:27],0,27,27,51.85,designed,"BG_A: DESIGNED, NOT SOURCED - seeded rejection sampling, scripts/design_backgrounds.py; reproducible from that file alone"
V2-CX-13_SUB_Psyn_opA_gap03__HP10_adk,operator:opA_phoP,27,43,16,12.5,sourced,operator opA_phoP: PRODORIC MX000339 (confirmed Salmonella Sal_PhoP site)
V2-CX-13_SUB_Psyn_opA_gap03__HP10_adk,designed:BG_A[43:46],43,46,3,66.67,designed,"BG_A: DESIGNED, NOT SOURCED - seeded rejection sampling, scripts/design_backgrounds.py; reproducible from that file alone"
V2-CX-13_SUB_Psyn_opA_gap03__HP10_adk,core:Psyn,46,80,34,26.47,sourced,"core promoter Psyn: Henke, Krahn & Wendisch 2021, Microorganisms 9:204 (PMC7835838) Table 2 primers; amplicon recovered from BX927147.1"
V2-CX-13_SUB_Psyn_opA_gap03__HP10_adk,designed:TSS_spacer_TC,80,82,2,50.0,designed,"DESIGNED, NOT SOURCED - 2 nt spacer inserted to place the fore-cistron start codon on the predicted transcription start site; choice of TC justified in REPORT_tier1_edits.md §1 (C and CC recreate an NcoI site)"
V2-CX-13_SUB_Psyn_opA_gap03__HP10_adk,forecistron:HP-10,82,144,62,61.29,sourced,"fore-cistron HP-10 (adk, NCgl0533): Liu et al. 2023 ACS Synth Biol 12:2157-2167 (PMC10367133) Table 1; verified vs BX927147.1"
V2-CX-13_SUB_Psyn_opA_gap03__HP10_adk,SD2,144,157,13,46.15,sourced,"SD2 motif: PMC10367133 body text, verbatim ('AAAGGAGGACAAC')"
V2-CX-13_SUB_Psyn_opA_gap03__HP10_adk,TAATG_frag,157,159,2,0.0,sourced,"TAATG coupling frame, 5' 2 nt: PMC10367133 body text, TAATG coupling frame (fragment carries the 'TA')"
V2-CX-14_SUB_Psyn_opA_gap03__HP08_eno,designed:BG_A[0:27],0,27,27,51.85,designed,"BG_A: DESIGNED, NOT SOURCED - seeded rejection sampling, scripts/design_backgrounds.py; reproducible from that file alone"
V2-CX-14_SUB_Psyn_opA_gap03__HP08_eno,operator:opA_phoP,27,43,16,12.5,sourced,operator opA_phoP: PRODORIC MX000339 (confirmed Salmonella Sal_PhoP site)
V2-CX-14_SUB_Psyn_opA_gap03__HP08_eno,designed:BG_A[43:46],43,46,3,66.67,designed,"BG_A: DESIGNED, NOT SOURCED - seeded rejection sampling, scripts/design_backgrounds.py; reproducible from that file alone"
V2-CX-14_SUB_Psyn_opA_gap03__HP08_eno,core:Psyn,46,80,34,26.47,sourced,"core promoter Psyn: Henke, Krahn & Wendisch 2021, Microorganisms 9:204 (PMC7835838) Table 2 primers; amplicon recovered from BX927147.1"
V2-CX-14_SUB_Psyn_opA_gap03__HP08_eno,designed:TSS_spacer_TC,80,82,2,50.0,designed,"DESIGNED, NOT SOURCED - 2 nt spacer inserted to place the fore-cistron start codon on the predicted transcription start site; choice of TC justified in REPORT_tier1_edits.md §1 (C and CC recreate an NcoI site)"
V2-CX-14_SUB_Psyn_opA_gap03__HP08_eno,forecistron:HP-8,82,144,62,53.23,sourced,"fore-cistron HP-8 (eno, NCgl0935): Liu et al. 2023 ACS Synth Biol 12:2157-2167 (PMC10367133) Table 1; verified vs BX927147.1"
V2-CX-14_SUB_Psyn_opA_gap03__HP08_eno,SD2,144,157,13,46.15,sourced,"SD2 motif: PMC10367133 body text, verbatim ('AAAGGAGGACAAC')"
V2-CX-14_SUB_Psyn_opA_gap03__HP08_eno,TAATG_frag,157,159,2,0.0,sourced,"TAATG coupling frame, 5' 2 nt: PMC10367133 body text, TAATG coupling frame (fragment carries the 'TA')"
V2-CX-15_SUB_Psyn_opA_gap03__HP07_fcATGtoATC_NEG,designed:BG_A[0:27],0,27,27,51.85,designed,"BG_A: DESIGNED, NOT SOURCED - seeded rejection sampling, scripts/design_backgrounds.py; reproducible from that file alone"
V2-CX-15_SUB_Psyn_opA_gap03__HP07_fcATGtoATC_NEG,operator:opA_phoP,27,43,16,12.5,sourced,operator opA_phoP: PRODORIC MX000339 (confirmed Salmonella Sal_PhoP site)
V2-CX-15_SUB_Psyn_opA_gap03__HP07_fcATGtoATC_NEG,designed:BG_A[43:46],43,46,3,66.67,designed,"BG_A: DESIGNED, NOT SOURCED - seeded rejection sampling, scripts/design_backgrounds.py; reproducible from that file alone"
V2-CX-15_SUB_Psyn_opA_gap03__HP07_fcATGtoATC_NEG,core:Psyn,46,80,34,26.47,sourced,"core promoter Psyn: Henke, Krahn & Wendisch 2021, Microorganisms 9:204 (PMC7835838) Table 2 primers; amplicon recovered from BX927147.1"
V2-CX-15_SUB_Psyn_opA_gap03__HP07_fcATGtoATC_NEG,designed:TSS_spacer_TC,80,82,2,50.0,designed,"DESIGNED, NOT SOURCED - 2 nt spacer inserted to place the fore-cistron start codon on the predicted transcription start site; choice of TC justified in REPORT_tier1_edits.md §1 (C and CC recreate an NcoI site)"
V2-CX-15_SUB_Psyn_opA_gap03__HP07_fcATGtoATC_NEG,forecistron:HP-7(MUT@2),82,144,62,45.16,sourced,"fore-cistron HP-7 (gpmA, NCgl0390): Liu et al. 2023 ACS Synth Biol 12:2157-2167 (PMC10367133) Table 1; verified vs BX927147.1 | DESIGNED point mutation applied: (MUT@2)"
V2-CX-15_SUB_Psyn_opA_gap03__HP07_fcATGtoATC_NEG,SD2,144,157,13,46.15,sourced,"SD2 motif: PMC10367133 body text, verbatim ('AAAGGAGGACAAC')"
V2-CX-15_SUB_Psyn_opA_gap03__HP07_fcATGtoATC_NEG,TAATG_frag,157,159,2,0.0,sourced,"TAATG coupling frame, 5' 2 nt: PMC10367133 body text, TAATG coupling frame (fragment carries the 'TA')"
V2-CX-16_SUB_Psyn_opA_gap03__HP07_SDmut_NEG,designed:BG_A[0:27],0,27,27,51.85,designed,"BG_A: DESIGNED, NOT SOURCED - seeded rejection sampling, scripts/design_backgrounds.py; reproducible from that file alone"
V2-CX-16_SUB_Psyn_opA_gap03__HP07_SDmut_NEG,operator:opA_phoP,27,43,16,12.5,sourced,operator opA_phoP: PRODORIC MX000339 (confirmed Salmonella Sal_PhoP site)
V2-CX-16_SUB_Psyn_opA_gap03__HP07_SDmut_NEG,designed:BG_A[43:46],43,46,3,66.67,designed,"BG_A: DESIGNED, NOT SOURCED - seeded rejection sampling, scripts/design_backgrounds.py; reproducible from that file alone"
V2-CX-16_SUB_Psyn_opA_gap03__HP07_SDmut_NEG,core:Psyn,46,80,34,26.47,sourced,"core promoter Psyn: Henke, Krahn & Wendisch 2021, Microorganisms 9:204 (PMC7835838) Table 2 primers; amplicon recovered from BX927147.1"
V2-CX-16_SUB_Psyn_opA_gap03__HP07_SDmut_NEG,designed:TSS_spacer_TC,80,82,2,50.0,designed,"DESIGNED, NOT SOURCED - 2 nt spacer inserted to place the fore-cistron start codon on the predicted transcription start site; choice of TC justified in REPORT_tier1_edits.md §1 (C and CC recreate an NcoI site)"
V2-CX-16_SUB_Psyn_opA_gap03__HP07_SDmut_NEG,forecistron:HP-7,82,144,62,45.16,sourced,"fore-cistron HP-7 (gpmA, NCgl0390): Liu et al. 2023 ACS Synth Biol 12:2157-2167 (PMC10367133) Table 1; verified vs BX927147.1"
V2-CX-16_SUB_Psyn_opA_gap03__HP07_SDmut_NEG,"SD2(MUT@3,4,5,6,7)",144,157,13,46.15,sourced,"SD2 motif: PMC10367133 body text, verbatim ('AAAGGAGGACAAC') | DESIGNED point mutation applied: (MUT@3,4,5,6,7)"
V2-CX-16_SUB_Psyn_opA_gap03__HP07_SDmut_NEG,TAATG_frag,157,159,2,0.0,sourced,"TAATG coupling frame, 5' 2 nt: PMC10367133 body text, TAATG coupling frame (fragment carries the 'TA')"
V2-CX-17_SUB_Psyn_opA_gap03__HP07_fcATGtoGTG_PARTIAL,designed:BG_A[0:27],0,27,27,51.85,designed,"BG_A: DESIGNED, NOT SOURCED - seeded rejection sampling, scripts/design_backgrounds.py; reproducible from that file alone"
V2-CX-17_SUB_Psyn_opA_gap03__HP07_fcATGtoGTG_PARTIAL,operator:opA_phoP,27,43,16,12.5,sourced,operator opA_phoP: PRODORIC MX000339 (confirmed Salmonella Sal_PhoP site)
V2-CX-17_SUB_Psyn_opA_gap03__HP07_fcATGtoGTG_PARTIAL,designed:BG_A[43:46],43,46,3,66.67,designed,"BG_A: DESIGNED, NOT SOURCED - seeded rejection sampling, scripts/design_backgrounds.py; reproducible from that file alone"
V2-CX-17_SUB_Psyn_opA_gap03__HP07_fcATGtoGTG_PARTIAL,core:Psyn,46,80,34,26.47,sourced,"core promoter Psyn: Henke, Krahn & Wendisch 2021, Microorganisms 9:204 (PMC7835838) Table 2 primers; amplicon recovered from BX927147.1"
V2-CX-17_SUB_Psyn_opA_gap03__HP07_fcATGtoGTG_PARTIAL,designed:TSS_spacer_TC,80,82,2,50.0,designed,"DESIGNED, NOT SOURCED - 2 nt spacer inserted to place the fore-cistron start codon on the predicted transcription start site; choice of TC justified in REPORT_tier1_edits.md §1 (C and CC recreate an NcoI site)"
V2-CX-17_SUB_Psyn_opA_gap03__HP07_fcATGtoGTG_PARTIAL,forecistron:HP-7(MUT@0),82,144,62,46.77,sourced,"fore-cistron HP-7 (gpmA, NCgl0390): Liu et al. 2023 ACS Synth Biol 12:2157-2167 (PMC10367133) Table 1; verified vs BX927147.1 | DESIGNED point mutation applied: (MUT@0)"
V2-CX-17_SUB_Psyn_opA_gap03__HP07_fcATGtoGTG_PARTIAL,SD2,144,157,13,46.15,sourced,"SD2 motif: PMC10367133 body text, verbatim ('AAAGGAGGACAAC')"
V2-CX-17_SUB_Psyn_opA_gap03__HP07_fcATGtoGTG_PARTIAL,TAATG_frag,157,159,2,0.0,sourced,"TAATG coupling frame, 5' 2 nt: PMC10367133 body text, TAATG coupling frame (fragment carries the 'TA')"
V2-CX-18_INS_PsodA_opA_gap03__HP07_gpmA,designed:UP_A,0,30,30,53.33,designed,"UP_A: DESIGNED, NOT SOURCED - seeded rejection sampling, scripts/design_backgrounds.py; reproducible from that file alone"
V2-CX-18_INS_PsodA_opA_gap03__HP07_gpmA,operator:opA_phoP,30,46,16,12.5,sourced,operator opA_phoP: PRODORIC MX000339 (confirmed Salmonella Sal_PhoP site)
V2-CX-18_INS_PsodA_opA_gap03__HP07_gpmA,designed:FILL_A[0:3],46,49,3,33.33,designed,"FILL_A: DESIGNED, NOT SOURCED - seeded rejection sampling, scripts/design_backgrounds.py; reproducible from that file alone"
V2-CX-18_INS_PsodA_opA_gap03__HP07_gpmA,core:PsodA,49,152,103,45.63,sourced,"core promoter PsodA: Henke, Krahn & Wendisch 2021, Microorganisms 9:204 (PMC7835838) Table 2 primers; amplicon recovered from BX927147.1"
V2-CX-18_INS_PsodA_opA_gap03__HP07_gpmA,forecistron:HP-7,152,214,62,45.16,sourced,"fore-cistron HP-7 (gpmA, NCgl0390): Liu et al. 2023 ACS Synth Biol 12:2157-2167 (PMC10367133) Table 1; verified vs BX927147.1"
V2-CX-18_INS_PsodA_opA_gap03__HP07_gpmA,SD2,214,227,13,46.15,sourced,"SD2 motif: PMC10367133 body text, verbatim ('AAAGGAGGACAAC')"
V2-CX-18_INS_PsodA_opA_gap03__HP07_gpmA,TAATG_frag,227,229,2,0.0,sourced,"TAATG coupling frame, 5' 2 nt: PMC10367133 body text, TAATG coupling frame (fragment carries the 'TA')"
V2-CX-19_INS_PsodA_opA_gap03__HP06_NCgl2501,designed:UP_A,0,30,30,53.33,designed,"UP_A: DESIGNED, NOT SOURCED - seeded rejection sampling, scripts/design_backgrounds.py; reproducible from that file alone"
V2-CX-19_INS_PsodA_opA_gap03__HP06_NCgl2501,operator:opA_phoP,30,46,16,12.5,sourced,operator opA_phoP: PRODORIC MX000339 (confirmed Salmonella Sal_PhoP site)
V2-CX-19_INS_PsodA_opA_gap03__HP06_NCgl2501,designed:FILL_A[0:3],46,49,3,33.33,designed,"FILL_A: DESIGNED, NOT SOURCED - seeded rejection sampling, scripts/design_backgrounds.py; reproducible from that file alone"
V2-CX-19_INS_PsodA_opA_gap03__HP06_NCgl2501,core:PsodA,49,152,103,45.63,sourced,"core promoter PsodA: Henke, Krahn & Wendisch 2021, Microorganisms 9:204 (PMC7835838) Table 2 primers; amplicon recovered from BX927147.1"
V2-CX-19_INS_PsodA_opA_gap03__HP06_NCgl2501,forecistron:HP-6,152,214,62,56.45,sourced,"fore-cistron HP-6 (NCgl2501, NCgl2501): Liu et al. 2023 ACS Synth Biol 12:2157-2167 (PMC10367133) Table 1; verified vs BX927147.1"
V2-CX-19_INS_PsodA_opA_gap03__HP06_NCgl2501,SD2,214,227,13,46.15,sourced,"SD2 motif: PMC10367133 body text, verbatim ('AAAGGAGGACAAC')"
V2-CX-19_INS_PsodA_opA_gap03__HP06_NCgl2501,TAATG_frag,227,229,2,0.0,sourced,"TAATG coupling frame, 5' 2 nt: PMC10367133 body text, TAATG coupling frame (fragment carries the 'TA')"
JXN_ECA_PHOQ_A_m1,sensor:WP_043878053.1[aa 1-328],0,984,984,53.56,sourced,"RefSeq WP_043878053.1, methyl-accepting chemotaxis protein, Pectobacterium atrosepticum (657 aa); DNA codon-optimised to BX927147.1 CDS usage (3056 CDS, 951704 codons); synthetic DNA"
JXN_ECA_PHOQ_A_m1,acceptor:P0DM80[aa 203-487],984,1839,855,53.8,sourced,"UniProt P0DM80 (PhoQ), Salmonella Typhimurium LT2; DNA codon-optimised to BX927147.1 CDS usage (3056 CDS, 951704 codons); synthetic DNA"
JXN_ECA_PHOQ_A_m1,stop:TAA,1839,1842,3,0.0,designed,"TAA stop codon (53.3% of BX927147.1 stops); DNA codon-optimised to BX927147.1 CDS usage (3056 CDS, 951704 codons); synthetic DNA"
JXN_ECA_PHOQ_A_0,sensor:WP_043878053.1[aa 1-328],0,984,984,53.56,sourced,"RefSeq WP_043878053.1, methyl-accepting chemotaxis protein, Pectobacterium atrosepticum (657 aa); DNA codon-optimised to BX927147.1 CDS usage (3056 CDS, 951704 codons); synthetic DNA"
JXN_ECA_PHOQ_A_0,acceptor:P0DM80[aa 204-487],984,1836,852,53.87,sourced,"UniProt P0DM80 (PhoQ), Salmonella Typhimurium LT2; DNA codon-optimised to BX927147.1 CDS usage (3056 CDS, 951704 codons); synthetic DNA"
JXN_ECA_PHOQ_A_0,stop:TAA,1836,1839,3,0.0,designed,"TAA stop codon (53.3% of BX927147.1 stops); DNA codon-optimised to BX927147.1 CDS usage (3056 CDS, 951704 codons); synthetic DNA"
JXN_ECA_PHOQ_A_p1,sensor:WP_043878053.1[aa 1-328],0,984,984,53.56,sourced,"RefSeq WP_043878053.1, methyl-accepting chemotaxis protein, Pectobacterium atrosepticum (657 aa); DNA codon-optimised to BX927147.1 CDS usage (3056 CDS, 951704 codons); synthetic DNA"
JXN_ECA_PHOQ_A_p1,acceptor:P0DM80[aa 205-487],984,1833,849,53.95,sourced,"UniProt P0DM80 (PhoQ), Salmonella Typhimurium LT2; DNA codon-optimised to BX927147.1 CDS usage (3056 CDS, 951704 codons); synthetic DNA"
JXN_ECA_PHOQ_A_p1,stop:TAA,1833,1836,3,0.0,designed,"TAA stop codon (53.3% of BX927147.1 stops); DNA codon-optimised to BX927147.1 CDS usage (3056 CDS, 951704 codons); synthetic DNA"
JXN_ECA_PHOQ_linker_retained_m1,sensor:WP_043878053.1[aa 1-338],0,1014,1014,53.85,sourced,"RefSeq WP_043878053.1, methyl-accepting chemotaxis protein, Pectobacterium atrosepticum (657 aa); DNA codon-optimised to BX927147.1 CDS usage (3056 CDS, 951704 codons); synthetic DNA"
JXN_ECA_PHOQ_linker_retained_m1,acceptor:P0DM80[aa 263-487],1014,1689,675,53.48,sourced,"UniProt P0DM80 (PhoQ), Salmonella Typhimurium LT2; DNA codon-optimised to BX927147.1 CDS usage (3056 CDS, 951704 codons); synthetic DNA"
JXN_ECA_PHOQ_linker_retained_m1,stop:TAA,1689,1692,3,0.0,designed,"TAA stop codon (53.3% of BX927147.1 stops); DNA codon-optimised to BX927147.1 CDS usage (3056 CDS, 951704 codons); synthetic DNA"
JXN_ECA_PHOQ_linker_retained_0,sensor:WP_043878053.1[aa 1-338],0,1014,1014,53.85,sourced,"RefSeq WP_043878053.1, methyl-accepting chemotaxis protein, Pectobacterium atrosepticum (657 aa); DNA codon-optimised to BX927147.1 CDS usage (3056 CDS, 951704 codons); synthetic DNA"
JXN_ECA_PHOQ_linker_retained_0,acceptor:P0DM80[aa 264-487],1014,1686,672,53.57,sourced,"UniProt P0DM80 (PhoQ), Salmonella Typhimurium LT2; DNA codon-optimised to BX927147.1 CDS usage (3056 CDS, 951704 codons); synthetic DNA"
JXN_ECA_PHOQ_linker_retained_0,stop:TAA,1686,1689,3,0.0,designed,"TAA stop codon (53.3% of BX927147.1 stops); DNA codon-optimised to BX927147.1 CDS usage (3056 CDS, 951704 codons); synthetic DNA"
JXN_ECA_PHOQ_linker_retained_p1,sensor:WP_043878053.1[aa 1-338],0,1014,1014,53.85,sourced,"RefSeq WP_043878053.1, methyl-accepting chemotaxis protein, Pectobacterium atrosepticum (657 aa); DNA codon-optimised to BX927147.1 CDS usage (3056 CDS, 951704 codons); synthetic DNA"
JXN_ECA_PHOQ_linker_retained_p1,acceptor:P0DM80[aa 265-487],1014,1683,669,53.36,sourced,"UniProt P0DM80 (PhoQ), Salmonella Typhimurium LT2; DNA codon-optimised to BX927147.1 CDS usage (3056 CDS, 951704 codons); synthetic DNA"
JXN_ECA_PHOQ_linker_retained_p1,stop:TAA,1683,1686,3,0.0,designed,"TAA stop codon (53.3% of BX927147.1 stops); DNA codon-optimised to BX927147.1 CDS usage (3056 CDS, 951704 codons); synthetic DNA"
JXN_ECA_PHOQ_C_m1,sensor:WP_043878053.1[aa 1-328],0,984,984,53.56,sourced,"RefSeq WP_043878053.1, methyl-accepting chemotaxis protein, Pectobacterium atrosepticum (657 aa); DNA codon-optimised to BX927147.1 CDS usage (3056 CDS, 951704 codons); synthetic DNA"
JXN_ECA_PHOQ_C_m1,linker:GSGSG,984,999,15,73.33,designed,"DESIGNED flexible linker GSGSG; DNA codon-optimised to BX927147.1 CDS usage (3056 CDS, 951704 codons); synthetic DNA"
JXN_ECA_PHOQ_C_m1,acceptor:P0DM80[aa 208-487],999,1839,840,53.45,sourced,"UniProt P0DM80 (PhoQ), Salmonella Typhimurium LT2; DNA codon-optimised to BX927147.1 CDS usage (3056 CDS, 951704 codons); synthetic DNA"
JXN_ECA_PHOQ_C_m1,stop:TAA,1839,1842,3,0.0,designed,"TAA stop codon (53.3% of BX927147.1 stops); DNA codon-optimised to BX927147.1 CDS usage (3056 CDS, 951704 codons); synthetic DNA"
JXN_ECA_PHOQ_C_0,sensor:WP_043878053.1[aa 1-328],0,984,984,53.56,sourced,"RefSeq WP_043878053.1, methyl-accepting chemotaxis protein, Pectobacterium atrosepticum (657 aa); DNA codon-optimised to BX927147.1 CDS usage (3056 CDS, 951704 codons); synthetic DNA"
JXN_ECA_PHOQ_C_0,linker:GSGSG,984,999,15,73.33,designed,"DESIGNED flexible linker GSGSG; DNA codon-optimised to BX927147.1 CDS usage (3056 CDS, 951704 codons); synthetic DNA"
JXN_ECA_PHOQ_C_0,acceptor:P0DM80[aa 209-487],999,1836,837,53.52,sourced,"UniProt P0DM80 (PhoQ), Salmonella Typhimurium LT2; DNA codon-optimised to BX927147.1 CDS usage (3056 CDS, 951704 codons); synthetic DNA"
JXN_ECA_PHOQ_C_0,stop:TAA,1836,1839,3,0.0,designed,"TAA stop codon (53.3% of BX927147.1 stops); DNA codon-optimised to BX927147.1 CDS usage (3056 CDS, 951704 codons); synthetic DNA"
JXN_ECA_PHOQ_C_p1,sensor:WP_043878053.1[aa 1-328],0,984,984,53.56,sourced,"RefSeq WP_043878053.1, methyl-accepting chemotaxis protein, Pectobacterium atrosepticum (657 aa); DNA codon-optimised to BX927147.1 CDS usage (3056 CDS, 951704 codons); synthetic DNA"
JXN_ECA_PHOQ_C_p1,linker:GSGSG,984,999,15,73.33,designed,"DESIGNED flexible linker GSGSG; DNA codon-optimised to BX927147.1 CDS usage (3056 CDS, 951704 codons); synthetic DNA"
JXN_ECA_PHOQ_C_p1,acceptor:P0DM80[aa 210-487],999,1833,834,53.6,sourced,"UniProt P0DM80 (PhoQ), Salmonella Typhimurium LT2; DNA codon-optimised to BX927147.1 CDS usage (3056 CDS, 951704 codons); synthetic DNA"
JXN_ECA_PHOQ_C_p1,stop:TAA,1833,1836,3,0.0,designed,"TAA stop codon (53.3% of BX927147.1 stops); DNA codon-optimised to BX927147.1 CDS usage (3056 CDS, 951704 codons); synthetic DNA"
JXN_ECA_PHOQ_dhp_direct_m1,sensor:WP_043878053.1[aa 1-338],0,1014,1014,53.85,sourced,"RefSeq WP_043878053.1, methyl-accepting chemotaxis protein, Pectobacterium atrosepticum (657 aa); DNA codon-optimised to BX927147.1 CDS usage (3056 CDS, 951704 codons); synthetic DNA"
JXN_ECA_PHOQ_dhp_direct_m1,acceptor:P0DM80[aa 268-487],1014,1674,660,53.48,sourced,"UniProt P0DM80 (PhoQ), Salmonella Typhimurium LT2; DNA codon-optimised to BX927147.1 CDS usage (3056 CDS, 951704 codons); synthetic DNA"
JXN_ECA_PHOQ_dhp_direct_m1,stop:TAA,1674,1677,3,0.0,designed,"TAA stop codon (53.3% of BX927147.1 stops); DNA codon-optimised to BX927147.1 CDS usage (3056 CDS, 951704 codons); synthetic DNA"
JXN_ECA_PHOQ_dhp_direct_0,sensor:WP_043878053.1[aa 1-338],0,1014,1014,53.85,sourced,"RefSeq WP_043878053.1, methyl-accepting chemotaxis protein, Pectobacterium atrosepticum (657 aa); DNA codon-optimised to BX927147.1 CDS usage (3056 CDS, 951704 codons); synthetic DNA"
JXN_ECA_PHOQ_dhp_direct_0,acceptor:P0DM80[aa 269-487],1014,1671,657,53.42,sourced,"UniProt P0DM80 (PhoQ), Salmonella Typhimurium LT2; DNA codon-optimised to BX927147.1 CDS usage (3056 CDS, 951704 codons); synthetic DNA"
JXN_ECA_PHOQ_dhp_direct_0,stop:TAA,1671,1674,3,0.0,designed,"TAA stop codon (53.3% of BX927147.1 stops); DNA codon-optimised to BX927147.1 CDS usage (3056 CDS, 951704 codons); synthetic DNA"
JXN_ECA_PHOQ_dhp_direct_p1,sensor:WP_043878053.1[aa 1-338],0,1014,1014,53.85,sourced,"RefSeq WP_043878053.1, methyl-accepting chemotaxis protein, Pectobacterium atrosepticum (657 aa); DNA codon-optimised to BX927147.1 CDS usage (3056 CDS, 951704 codons); synthetic DNA"
JXN_ECA_PHOQ_dhp_direct_p1,acceptor:P0DM80[aa 270-487],1014,1668,654,53.36,sourced,"UniProt P0DM80 (PhoQ), Salmonella Typhimurium LT2; DNA codon-optimised to BX927147.1 CDS usage (3056 CDS, 951704 codons); synthetic DNA"
JXN_ECA_PHOQ_dhp_direct_p1,stop:TAA,1668,1671,3,0.0,designed,"TAA stop codon (53.3% of BX927147.1 stops); DNA codon-optimised to BX927147.1 CDS usage (3056 CDS, 951704 codons); synthetic DNA"
JXN_MCPX_PHOQ_A_m1,sensor:Q92SH9[aa 1-328],0,984,984,53.96,sourced,"UniProt Q92SH9 (McpX), Rhizobium meliloti 1021; DNA codon-optimised to BX927147.1 CDS usage (3056 CDS, 951704 codons); synthetic DNA"
JXN_MCPX_PHOQ_A_m1,acceptor:P0DM80[aa 208-487],984,1824,840,53.57,sourced,"UniProt P0DM80 (PhoQ), Salmonella Typhimurium LT2; DNA codon-optimised to BX927147.1 CDS usage (3056 CDS, 951704 codons); synthetic DNA"
JXN_MCPX_PHOQ_A_m1,stop:TAA,1824,1827,3,0.0,designed,"TAA stop codon (53.3% of BX927147.1 stops); DNA codon-optimised to BX927147.1 CDS usage (3056 CDS, 951704 codons); synthetic DNA"
JXN_MCPX_PHOQ_A_0,sensor:Q92SH9[aa 1-328],0,984,984,53.96,sourced,"UniProt Q92SH9 (McpX), Rhizobium meliloti 1021; DNA codon-optimised to BX927147.1 CDS usage (3056 CDS, 951704 codons); synthetic DNA"
JXN_MCPX_PHOQ_A_0,acceptor:P0DM80[aa 209-487],984,1821,837,53.64,sourced,"UniProt P0DM80 (PhoQ), Salmonella Typhimurium LT2; DNA codon-optimised to BX927147.1 CDS usage (3056 CDS, 951704 codons); synthetic DNA"
JXN_MCPX_PHOQ_A_0,stop:TAA,1821,1824,3,0.0,designed,"TAA stop codon (53.3% of BX927147.1 stops); DNA codon-optimised to BX927147.1 CDS usage (3056 CDS, 951704 codons); synthetic DNA"
JXN_MCPX_PHOQ_A_p1,sensor:Q92SH9[aa 1-328],0,984,984,53.96,sourced,"UniProt Q92SH9 (McpX), Rhizobium meliloti 1021; DNA codon-optimised to BX927147.1 CDS usage (3056 CDS, 951704 codons); synthetic DNA"
JXN_MCPX_PHOQ_A_p1,acceptor:P0DM80[aa 210-487],984,1818,834,53.72,sourced,"UniProt P0DM80 (PhoQ), Salmonella Typhimurium LT2; DNA codon-optimised to BX927147.1 CDS usage (3056 CDS, 951704 codons); synthetic DNA"
JXN_MCPX_PHOQ_A_p1,stop:TAA,1818,1821,3,0.0,designed,"TAA stop codon (53.3% of BX927147.1 stops); DNA codon-optimised to BX927147.1 CDS usage (3056 CDS, 951704 codons); synthetic DNA"
JXN_MCPX_PHOQ_dhp_direct_m1,sensor:Q92SH9[aa 1-338],0,1014,1014,53.94,sourced,"UniProt Q92SH9 (McpX), Rhizobium meliloti 1021; DNA codon-optimised to BX927147.1 CDS usage (3056 CDS, 951704 codons); synthetic DNA"
JXN_MCPX_PHOQ_dhp_direct_m1,acceptor:P0DM80[aa 267-487],1014,1677,663,53.7,sourced,"UniProt P0DM80 (PhoQ), Salmonella Typhimurium LT2; DNA codon-optimised to BX927147.1 CDS usage (3056 CDS, 951704 codons); synthetic DNA"
JXN_MCPX_PHOQ_dhp_direct_m1,stop:TAA,1677,1680,3,0.0,designed,"TAA stop codon (53.3% of BX927147.1 stops); DNA codon-optimised to BX927147.1 CDS usage (3056 CDS, 951704 codons); synthetic DNA"
JXN_MCPX_PHOQ_dhp_direct_0,sensor:Q92SH9[aa 1-338],0,1014,1014,53.94,sourced,"UniProt Q92SH9 (McpX), Rhizobium meliloti 1021; DNA codon-optimised to BX927147.1 CDS usage (3056 CDS, 951704 codons); synthetic DNA"
JXN_MCPX_PHOQ_dhp_direct_0,acceptor:P0DM80[aa 268-487],1014,1674,660,53.64,sourced,"UniProt P0DM80 (PhoQ), Salmonella Typhimurium LT2; DNA codon-optimised to BX927147.1 CDS usage (3056 CDS, 951704 codons); synthetic DNA"
JXN_MCPX_PHOQ_dhp_direct_0,stop:TAA,1674,1677,3,0.0,designed,"TAA stop codon (53.3% of BX927147.1 stops); DNA codon-optimised to BX927147.1 CDS usage (3056 CDS, 951704 codons); synthetic DNA"
JXN_MCPX_PHOQ_dhp_direct_p1,sensor:Q92SH9[aa 1-338],0,1014,1014,53.94,sourced,"UniProt Q92SH9 (McpX), Rhizobium meliloti 1021; DNA codon-optimised to BX927147.1 CDS usage (3056 CDS, 951704 codons); synthetic DNA"
JXN_MCPX_PHOQ_dhp_direct_p1,acceptor:P0DM80[aa 269-487],1014,1671,657,53.58,sourced,"UniProt P0DM80 (PhoQ), Salmonella Typhimurium LT2; DNA codon-optimised to BX927147.1 CDS usage (3056 CDS, 951704 codons); synthetic DNA"
JXN_MCPX_PHOQ_dhp_direct_p1,stop:TAA,1671,1674,3,0.0,designed,"TAA stop codon (53.3% of BX927147.1 stops); DNA codon-optimised to BX927147.1 CDS usage (3056 CDS, 951704 codons); synthetic DNA"
JXN_ECA_ENVZ_A_m1,sensor:WP_043878053.1[aa 1-328],0,984,984,53.56,sourced,"RefSeq WP_043878053.1, methyl-accepting chemotaxis protein, Pectobacterium atrosepticum (657 aa); DNA codon-optimised to BX927147.1 CDS usage (3056 CDS, 951704 codons); synthetic DNA"
JXN_ECA_ENVZ_A_m1,acceptor:P0AEJ4[aa 168-450],984,1833,849,54.18,sourced,"UniProt P0AEJ4 (EnvZ), Escherichia coli K-12; DNA codon-optimised to BX927147.1 CDS usage (3056 CDS, 951704 codons); synthetic DNA"
JXN_ECA_ENVZ_A_m1,stop:TAA,1833,1836,3,0.0,designed,"TAA stop codon (53.3% of BX927147.1 stops); DNA codon-optimised to BX927147.1 CDS usage (3056 CDS, 951704 codons); synthetic DNA"
JXN_ECA_ENVZ_A_0,sensor:WP_043878053.1[aa 1-328],0,984,984,53.56,sourced,"RefSeq WP_043878053.1, methyl-accepting chemotaxis protein, Pectobacterium atrosepticum (657 aa); DNA codon-optimised to BX927147.1 CDS usage (3056 CDS, 951704 codons); synthetic DNA"
JXN_ECA_ENVZ_A_0,acceptor:P0AEJ4[aa 169-450],984,1830,846,54.26,sourced,"UniProt P0AEJ4 (EnvZ), Escherichia coli K-12; DNA codon-optimised to BX927147.1 CDS usage (3056 CDS, 951704 codons); synthetic DNA"
JXN_ECA_ENVZ_A_0,stop:TAA,1830,1833,3,0.0,designed,"TAA stop codon (53.3% of BX927147.1 stops); DNA codon-optimised to BX927147.1 CDS usage (3056 CDS, 951704 codons); synthetic DNA"
JXN_ECA_ENVZ_A_p1,sensor:WP_043878053.1[aa 1-328],0,984,984,53.56,sourced,"RefSeq WP_043878053.1, methyl-accepting chemotaxis protein, Pectobacterium atrosepticum (657 aa); DNA codon-optimised to BX927147.1 CDS usage (3056 CDS, 951704 codons); synthetic DNA"
JXN_ECA_ENVZ_A_p1,acceptor:P0AEJ4[aa 170-450],984,1827,843,54.33,sourced,"UniProt P0AEJ4 (EnvZ), Escherichia coli K-12; DNA codon-optimised to BX927147.1 CDS usage (3056 CDS, 951704 codons); synthetic DNA"
JXN_ECA_ENVZ_A_p1,stop:TAA,1827,1830,3,0.0,designed,"TAA stop codon (53.3% of BX927147.1 stops); DNA codon-optimised to BX927147.1 CDS usage (3056 CDS, 951704 codons); synthetic DNA"
JXN_ECA_ENVZ_dhp_direct_m1,sensor:WP_043878053.1[aa 1-338],0,1014,1014,53.85,sourced,"RefSeq WP_043878053.1, methyl-accepting chemotaxis protein, Pectobacterium atrosepticum (657 aa); DNA codon-optimised to BX927147.1 CDS usage (3056 CDS, 951704 codons); synthetic DNA"
JXN_ECA_ENVZ_dhp_direct_m1,acceptor:P0AEJ4[aa 234-450],1014,1665,651,53.92,sourced,"UniProt P0AEJ4 (EnvZ), Escherichia coli K-12; DNA codon-optimised to BX927147.1 CDS usage (3056 CDS, 951704 codons); synthetic DNA"
JXN_ECA_ENVZ_dhp_direct_m1,stop:TAA,1665,1668,3,0.0,designed,"TAA stop codon (53.3% of BX927147.1 stops); DNA codon-optimised to BX927147.1 CDS usage (3056 CDS, 951704 codons); synthetic DNA"
JXN_ECA_ENVZ_dhp_direct_0,sensor:WP_043878053.1[aa 1-338],0,1014,1014,53.94,sourced,"RefSeq WP_043878053.1, methyl-accepting chemotaxis protein, Pectobacterium atrosepticum (657 aa); DNA codon-optimised to BX927147.1 CDS usage (3056 CDS, 951704 codons); synthetic DNA"
JXN_ECA_ENVZ_dhp_direct_0,acceptor:P0AEJ4[aa 235-450],1014,1662,648,53.7,sourced,"UniProt P0AEJ4 (EnvZ), Escherichia coli K-12; DNA codon-optimised to BX927147.1 CDS usage (3056 CDS, 951704 codons); synthetic DNA"
JXN_ECA_ENVZ_dhp_direct_0,stop:TAA,1662,1665,3,0.0,designed,"TAA stop codon (53.3% of BX927147.1 stops); DNA codon-optimised to BX927147.1 CDS usage (3056 CDS, 951704 codons); synthetic DNA"
JXN_ECA_ENVZ_dhp_direct_p1,sensor:WP_043878053.1[aa 1-338],0,1014,1014,53.85,sourced,"RefSeq WP_043878053.1, methyl-accepting chemotaxis protein, Pectobacterium atrosepticum (657 aa); DNA codon-optimised to BX927147.1 CDS usage (3056 CDS, 951704 codons); synthetic DNA"
JXN_ECA_ENVZ_dhp_direct_p1,acceptor:P0AEJ4[aa 236-450],1014,1659,645,53.95,sourced,"UniProt P0AEJ4 (EnvZ), Escherichia coli K-12; DNA codon-optimised to BX927147.1 CDS usage (3056 CDS, 951704 codons); synthetic DNA"
JXN_ECA_ENVZ_dhp_direct_p1,stop:TAA,1659,1662,3,0.0,designed,"TAA stop codon (53.3% of BX927147.1 stops); DNA codon-optimised to BX927147.1 CDS usage (3056 CDS, 951704 codons); synthetic DNA"
CAL-01_Psyn_HenkeRBS_noop,designed:UP_A,0,30,30,53.33,designed,"UP_A: DESIGNED, NOT SOURCED - seeded rejection sampling, scripts/design_backgrounds.py; reproducible from that file alone"
CAL-01_Psyn_HenkeRBS_noop,core:Psyn,30,64,34,26.47,sourced,"core promoter Psyn: Henke, Krahn & Wendisch 2021, Microorganisms 9:204 (PMC7835838) Table 2 primers; amplicon recovered from BX927147.1"
CAL-01_Psyn_HenkeRBS_noop,henke_spacer:HA07rc+HN49,64,107,43,60.47,designed,"Henke, Krahn & Wendisch 2021, Microorganisms 9:204 (PMC7835838) Table 2 primers, reconstructed base-for-base by scripts/calibration_constructs.py: nt 0-27 from the reverse complement of HA07 (Psyn-rv), nt 28-42 from HN49 (gfpUV-fw), with a 27 nt Gibson homology arm attested by BOTH primers. Contains the C. glutamicum consensus RBS GAAAGGAGG, which the same paper names verbatim in its Discussion. NO base is unsourced."
CAL-02_Psyn_HenkeRBS_opA_gap03,designed:BG_A[0:27],0,27,27,51.85,designed,"BG_A: DESIGNED, NOT SOURCED - seeded rejection sampling, scripts/design_backgrounds.py; reproducible from that file alone"
CAL-02_Psyn_HenkeRBS_opA_gap03,operator:opA_phoP,27,43,16,12.5,sourced,operator opA_phoP: PRODORIC MX000339 (confirmed Salmonella Sal_PhoP site)
CAL-02_Psyn_HenkeRBS_opA_gap03,designed:BG_A[43:46],43,46,3,66.67,designed,"BG_A: DESIGNED, NOT SOURCED - seeded rejection sampling, scripts/design_backgrounds.py; reproducible from that file alone"
CAL-02_Psyn_HenkeRBS_opA_gap03,core:Psyn,46,80,34,26.47,sourced,"core promoter Psyn: Henke, Krahn & Wendisch 2021, Microorganisms 9:204 (PMC7835838) Table 2 primers; amplicon recovered from BX927147.1"
CAL-02_Psyn_HenkeRBS_opA_gap03,henke_spacer:HA07rc+HN49,80,123,43,60.47,designed,"Henke, Krahn & Wendisch 2021, Microorganisms 9:204 (PMC7835838) Table 2 primers, reconstructed base-for-base by scripts/calibration_constructs.py: nt 0-27 from the reverse complement of HA07 (Psyn-rv), nt 28-42 from HN49 (gfpUV-fw), with a 27 nt Gibson homology arm attested by BOTH primers. Contains the C. glutamicum consensus RBS GAAAGGAGG, which the same paper names verbatim in its Discussion. NO base is unsourced."
