proposal_id,baseline_id,operation,baseline_start,baseline_end,proposal_start,proposal_end,old_sequence,new_sequence
V2-SUB-01_SUB_Psyn_opA_gap00__P1,V2-SUB-01_SUB_Psyn_opA_gap00,insert,80,80,80,82,,TC
V2-SUB-02_SUB_Psyn_opA_gap01__P1,V2-SUB-02_SUB_Psyn_opA_gap01,insert,80,80,80,82,,TC
V2-SUB-03_SUB_Psyn_opA_gap02__P1,V2-SUB-03_SUB_Psyn_opA_gap02,insert,80,80,80,82,,TC
V2-SUB-04_SUB_Psyn_opA_gap03__P1,V2-SUB-04_SUB_Psyn_opA_gap03,insert,80,80,80,82,,TC
V2-SUB-05_SUB_Psyn_opA_gap04__P1,V2-SUB-05_SUB_Psyn_opA_gap04,insert,80,80,80,82,,TC
V2-SUB-06_SUB_Psyn_opA_gap05__P1,V2-SUB-06_SUB_Psyn_opA_gap05,insert,80,80,80,82,,TC
V2-SUB-07_SUB_Psyn_opA_gap06__P1,V2-SUB-07_SUB_Psyn_opA_gap06,insert,80,80,80,82,,TC
V2-SUB-08_SUB_Psyn_opA_gap07__P1,V2-SUB-08_SUB_Psyn_opA_gap07,insert,80,80,80,82,,TC
V2-SUB-09_SUB_Psyn_opA_gap08__P1,V2-SUB-09_SUB_Psyn_opA_gap08,insert,80,80,80,82,,TC
V2-SUB-10_SUB_Psyn_opA_gap09__P1,V2-SUB-10_SUB_Psyn_opA_gap09,insert,80,80,80,82,,TC
V2-SUB-11_SUB_Psyn_opA_gap10__P1,V2-SUB-11_SUB_Psyn_opA_gap10,insert,80,80,80,82,,TC
V2-SUB-12_SUB_Psyn_opA_gap11__P1,V2-SUB-12_SUB_Psyn_opA_gap11,insert,80,80,80,82,,TC
V2-SUB-13_SUB_Psyn_opA_gap12__P1,V2-SUB-13_SUB_Psyn_opA_gap12,insert,80,80,80,82,,TC
V2-SUB-14_SUB_Psyn_opA_gap13__P1,V2-SUB-14_SUB_Psyn_opA_gap13,insert,80,80,80,82,,TC
V2-INS-01_INS_Psyn_opA_gap00__P1,V2-INS-01_INS_Psyn_opA_gap00,insert,80,80,80,82,,TC
V2-INS-02_INS_Psyn_opA_gap01__P1,V2-INS-02_INS_Psyn_opA_gap01,insert,81,81,81,83,,TC
V2-INS-03_INS_Psyn_opA_gap02__P1,V2-INS-03_INS_Psyn_opA_gap02,insert,82,82,82,84,,TC
V2-INS-04_INS_Psyn_opA_gap03__P1,V2-INS-04_INS_Psyn_opA_gap03,insert,83,83,83,85,,TC
V2-INS-05_INS_Psyn_opA_gap04__P1,V2-INS-05_INS_Psyn_opA_gap04,insert,84,84,84,86,,TC
V2-INS-06_INS_Psyn_opA_gap05__P1,V2-INS-06_INS_Psyn_opA_gap05,insert,85,85,85,87,,TC
V2-INS-07_INS_Psyn_opA_gap06__P1,V2-INS-07_INS_Psyn_opA_gap06,insert,86,86,86,88,,TC
V2-INS-08_INS_Psyn_opA_gap07__P1,V2-INS-08_INS_Psyn_opA_gap07,insert,87,87,87,89,,TC
V2-INS-09_INS_Psyn_opA_gap08__P1,V2-INS-09_INS_Psyn_opA_gap08,insert,88,88,88,90,,TC
V2-INS-10_INS_Psyn_opA_gap09__P1,V2-INS-10_INS_Psyn_opA_gap09,insert,89,89,89,91,,TC
V2-INS-11_INS_Psyn_opA_gap10__P1,V2-INS-11_INS_Psyn_opA_gap10,insert,90,90,90,92,,TC
V2-INS-12_INS_Psyn_opA_gap11__P1,V2-INS-12_INS_Psyn_opA_gap11,insert,91,91,91,93,,TC
V2-INS-13_INS_Psyn_opA_gap12__P1,V2-INS-13_INS_Psyn_opA_gap12,insert,92,92,92,94,,TC
V2-INS-14_INS_Psyn_opA_gap13__P1,V2-INS-14_INS_Psyn_opA_gap13,insert,93,93,93,95,,TC
V2-CTL-01_CTL_SUB_BGB_gap07__P1,V2-CTL-01_CTL_SUB_BGB_gap07,insert,80,80,80,82,,TC
V2-CTL-02_CTL_SUB_BGC_gap07__P1,V2-CTL-02_CTL_SUB_BGC_gap07,insert,80,80,80,82,,TC
V2-CTL-03_CTL_INS_FILLB_gap07__P1,V2-CTL-03_CTL_INS_FILLB_gap07,insert,87,87,87,89,,TC
V2-OTH-01_Psyn_noop_ctrl_v2__P1,V2-OTH-01_Psyn_noop_ctrl_v2,insert,64,64,64,66,,TC
V2-OTH-02_Psyn_1x_scrambled_gap03_v2__P1,V2-OTH-02_Psyn_1x_scrambled_gap03_v2,insert,83,83,83,85,,TC
V2-OTH-03_Psyn_2xopA_gap00_v2__P1,V2-OTH-03_Psyn_2xopA_gap00_v2,insert,98,98,98,100,,TC
V2-OTH-04_Psyn_1x_opB_gap00_v2__P1,V2-OTH-04_Psyn_1x_opB_gap00_v2,insert,80,80,80,82,,TC
V2-OTH-05_Psyn_2xopA_gap05_v2__P1,V2-OTH-05_Psyn_2xopA_gap05_v2,insert,103,103,103,105,,TC
V2-OTH-06_Psyn_1x_opB_gap05_v2__P1,V2-OTH-06_Psyn_1x_opB_gap05_v2,insert,85,85,85,87,,TC
V2-OTH-07_Psyn_1x_opA_gap03_reta_v2__P1,V2-OTH-07_Psyn_1x_opA_gap03_reta_v2,insert,74,74,74,76,,TC
V2-OTH-08_Psyn_1x_opA_gap05_reta_v2__P1,V2-OTH-08_Psyn_1x_opA_gap05_reta_v2,insert,76,76,76,78,,TC
V2-CX-18_INS_PsodA_opA_gap03__HP07_gpmA__P1,V2-CX-18_INS_PsodA_opA_gap03__HP07_gpmA,insert,153,153,153,166,,AAGGAGGACAACA
V2-CX-19_INS_PsodA_opA_gap03__HP06_NCgl2501__P1,V2-CX-19_INS_PsodA_opA_gap03__HP06_NCgl2501,insert,153,153,153,166,,AAGGAGGACAACA
NEW-CTRL-01__P1,V2-SUB-04_SUB_Psyn_opA_gap03,insert,27,27,27,37,,AAATTTTTTC
NEW-CTRL-01__P1,V2-SUB-04_SUB_Psyn_opA_gap03,delete,32,37,42,42,TAACT,
NEW-CTRL-01__P1,V2-SUB-04_SUB_Psyn_opA_gap03,delete,38,43,43,43,TTTAT,
NEW-CTRL-01__P1,V2-SUB-04_SUB_Psyn_opA_gap03,insert,80,80,80,82,,TC
NEW-CTRL-02__P1,V2-CX-06_SUB_Psyn_opA_gap03__HP07_gpmA,insert,27,27,27,37,,AAATTTTTTC
NEW-CTRL-02__P1,V2-CX-06_SUB_Psyn_opA_gap03__HP07_gpmA,delete,32,37,42,42,TAACT,
NEW-CTRL-02__P1,V2-CX-06_SUB_Psyn_opA_gap03__HP07_gpmA,delete,38,43,43,43,TTTAT,
