proposal_id,length_bp,GC_percent,golden_gate_hits,all_35_enzyme_hits,gained_enzyme_hits,homopolymer_runs_gt6,sigA_like_hits_both_strands,reporter_boundary_test,reporter_boundary_enzyme_hits,coupling_frame,folding,full_plasmid
V2-SUB-01_SUB_Psyn_opA_gap00__P1,82,34.15,0,0,0,0,1,primer_prefix_only,0,not_applicable,NOT_RECOMPUTED,NOT_AVAILABLE
V2-SUB-02_SUB_Psyn_opA_gap01__P1,82,34.15,0,0,0,0,1,primer_prefix_only,0,not_applicable,NOT_RECOMPUTED,NOT_AVAILABLE
V2-SUB-03_SUB_Psyn_opA_gap02__P1,82,34.15,0,0,0,0,1,primer_prefix_only,0,not_applicable,NOT_RECOMPUTED,NOT_AVAILABLE
V2-SUB-04_SUB_Psyn_opA_gap03__P1,82,34.15,0,0,0,0,1,primer_prefix_only,0,not_applicable,NOT_RECOMPUTED,NOT_AVAILABLE
V2-SUB-05_SUB_Psyn_opA_gap04__P1,82,34.15,0,0,0,0,1,primer_prefix_only,0,not_applicable,NOT_RECOMPUTED,NOT_AVAILABLE
V2-SUB-06_SUB_Psyn_opA_gap05__P1,82,34.15,0,0,0,0,1,primer_prefix_only,0,not_applicable,NOT_RECOMPUTED,NOT_AVAILABLE
V2-SUB-07_SUB_Psyn_opA_gap06__P1,82,34.15,0,0,0,0,1,primer_prefix_only,0,not_applicable,NOT_RECOMPUTED,NOT_AVAILABLE
V2-SUB-08_SUB_Psyn_opA_gap07__P1,82,34.15,0,0,0,0,1,primer_prefix_only,0,not_applicable,NOT_RECOMPUTED,NOT_AVAILABLE
V2-SUB-09_SUB_Psyn_opA_gap08__P1,82,34.15,0,0,0,0,1,primer_prefix_only,0,not_applicable,NOT_RECOMPUTED,NOT_AVAILABLE
V2-SUB-10_SUB_Psyn_opA_gap09__P1,82,34.15,0,0,0,0,1,primer_prefix_only,0,not_applicable,NOT_RECOMPUTED,NOT_AVAILABLE
V2-SUB-11_SUB_Psyn_opA_gap10__P1,82,34.15,0,0,0,0,1,primer_prefix_only,0,not_applicable,NOT_RECOMPUTED,NOT_AVAILABLE
V2-SUB-12_SUB_Psyn_opA_gap11__P1,82,34.15,0,0,0,0,1,primer_prefix_only,0,not_applicable,NOT_RECOMPUTED,NOT_AVAILABLE
V2-SUB-13_SUB_Psyn_opA_gap12__P1,82,34.15,0,0,0,0,1,primer_prefix_only,0,not_applicable,NOT_RECOMPUTED,NOT_AVAILABLE
V2-SUB-14_SUB_Psyn_opA_gap13__P1,82,34.15,0,0,0,0,1,primer_prefix_only,0,not_applicable,NOT_RECOMPUTED,NOT_AVAILABLE
V2-INS-01_INS_Psyn_opA_gap00__P1,82,34.15,0,0,0,0,1,primer_prefix_only,0,not_applicable,NOT_RECOMPUTED,NOT_AVAILABLE
V2-INS-02_INS_Psyn_opA_gap01__P1,83,33.73,0,0,0,0,1,primer_prefix_only,0,not_applicable,NOT_RECOMPUTED,NOT_AVAILABLE
V2-INS-03_INS_Psyn_opA_gap02__P1,84,34.52,0,0,0,0,1,primer_prefix_only,0,not_applicable,NOT_RECOMPUTED,NOT_AVAILABLE
V2-INS-04_INS_Psyn_opA_gap03__P1,85,34.12,0,0,0,0,1,primer_prefix_only,0,not_applicable,NOT_RECOMPUTED,NOT_AVAILABLE
V2-INS-05_INS_Psyn_opA_gap04__P1,86,34.88,0,0,0,0,1,primer_prefix_only,0,not_applicable,NOT_RECOMPUTED,NOT_AVAILABLE
V2-INS-06_INS_Psyn_opA_gap05__P1,87,34.48,0,0,0,0,1,primer_prefix_only,0,not_applicable,NOT_RECOMPUTED,NOT_AVAILABLE
V2-INS-07_INS_Psyn_opA_gap06__P1,88,35.23,0,0,0,0,1,primer_prefix_only,0,not_applicable,NOT_RECOMPUTED,NOT_AVAILABLE
V2-INS-08_INS_Psyn_opA_gap07__P1,89,34.83,0,0,0,0,1,primer_prefix_only,0,not_applicable,NOT_RECOMPUTED,NOT_AVAILABLE
V2-INS-09_INS_Psyn_opA_gap08__P1,90,35.56,0,0,0,0,1,primer_prefix_only,0,not_applicable,NOT_RECOMPUTED,NOT_AVAILABLE
V2-INS-10_INS_Psyn_opA_gap09__P1,91,36.26,0,0,0,0,1,primer_prefix_only,0,not_applicable,NOT_RECOMPUTED,NOT_AVAILABLE
V2-INS-11_INS_Psyn_opA_gap10__P1,92,36.96,0,0,0,0,1,primer_prefix_only,0,not_applicable,NOT_RECOMPUTED,NOT_AVAILABLE
V2-INS-12_INS_Psyn_opA_gap11__P1,93,37.63,0,0,0,0,1,primer_prefix_only,0,not_applicable,NOT_RECOMPUTED,NOT_AVAILABLE
V2-INS-13_INS_Psyn_opA_gap12__P1,94,37.23,0,0,0,0,1,primer_prefix_only,0,not_applicable,NOT_RECOMPUTED,NOT_AVAILABLE
V2-INS-14_INS_Psyn_opA_gap13__P1,95,36.84,0,0,0,0,1,primer_prefix_only,0,not_applicable,NOT_RECOMPUTED,NOT_AVAILABLE
V2-INS-15_INS_PsodA_opA_gap00__P1,149,43.62,0,4,0,0,1,primer_prefix_only,0,not_applicable,NOT_RECOMPUTED,NOT_AVAILABLE
V2-INS-16_INS_PsodA_opA_gap03__P1,152,43.42,0,4,0,0,1,primer_prefix_only,0,not_applicable,NOT_RECOMPUTED,NOT_AVAILABLE
V2-INS-17_INS_PsodA_opA_gap06__P1,155,43.87,0,4,0,0,1,primer_prefix_only,0,not_applicable,NOT_RECOMPUTED,NOT_AVAILABLE
V2-INS-18_INS_PsodA_opA_gap10__P1,159,44.65,0,4,0,0,1,primer_prefix_only,0,not_applicable,NOT_RECOMPUTED,NOT_AVAILABLE
V2-CTL-01_CTL_SUB_BGB_gap07__P1,82,34.15,0,0,0,0,1,primer_prefix_only,0,not_applicable,NOT_RECOMPUTED,NOT_AVAILABLE
V2-CTL-02_CTL_SUB_BGC_gap07__P1,82,34.15,0,0,0,0,1,primer_prefix_only,0,not_applicable,NOT_RECOMPUTED,NOT_AVAILABLE
V2-CTL-03_CTL_INS_FILLB_gap07__P1,89,34.83,0,0,0,0,1,primer_prefix_only,0,not_applicable,NOT_RECOMPUTED,NOT_AVAILABLE
V2-OTH-01_Psyn_noop_ctrl_v2__P1,66,39.39,0,0,0,0,1,primer_prefix_only,0,not_applicable,NOT_RECOMPUTED,NOT_AVAILABLE
V2-OTH-02_Psyn_1x_scrambled_gap03_v2__P1,85,34.12,0,0,0,0,1,primer_prefix_only,0,not_applicable,NOT_RECOMPUTED,NOT_AVAILABLE
V2-OTH-03_Psyn_2xopA_gap00_v2__P1,100,31.0,0,0,0,0,1,primer_prefix_only,0,not_applicable,NOT_RECOMPUTED,NOT_AVAILABLE
V2-OTH-04_Psyn_1x_opB_gap00_v2__P1,82,36.59,0,0,0,0,1,primer_prefix_only,0,not_applicable,NOT_RECOMPUTED,NOT_AVAILABLE
V2-OTH-05_Psyn_2xopA_gap05_v2__P1,105,31.43,0,0,0,0,1,primer_prefix_only,0,not_applicable,NOT_RECOMPUTED,NOT_AVAILABLE
V2-OTH-06_Psyn_1x_opB_gap05_v2__P1,87,36.78,0,0,0,0,1,primer_prefix_only,0,not_applicable,NOT_RECOMPUTED,NOT_AVAILABLE
V2-OTH-07_Psyn_1x_opA_gap03_reta_v2__P1,76,34.21,0,4,0,0,1,primer_prefix_only,0,not_applicable,NOT_RECOMPUTED,NOT_AVAILABLE
V2-OTH-08_Psyn_1x_opA_gap05_reta_v2__P1,78,34.62,0,4,0,0,1,primer_prefix_only,0,not_applicable,NOT_RECOMPUTED,NOT_AVAILABLE
V2-OTH-09_PsodA_1x_opA_gap03_native_v2__P1,162,41.98,0,4,0,0,1,primer_prefix_only,0,not_applicable,NOT_RECOMPUTED,NOT_AVAILABLE
V2-OTH-10_PsodA_1x_scrambled_gap03_v2__P1,152,43.42,0,4,0,0,1,primer_prefix_only,0,not_applicable,NOT_RECOMPUTED,NOT_AVAILABLE
V2-OTH-11_PsodA_2xopA_gap03_v2__P1,170,40.59,0,4,0,0,1,primer_prefix_only,0,not_applicable,NOT_RECOMPUTED,NOT_AVAILABLE
V2-OTH-12_PsodA_noop_ctrl_v2__P1,133,47.37,0,4,0,0,1,primer_prefix_only,0,not_applicable,NOT_RECOMPUTED,NOT_AVAILABLE
V2-OTH-13_Ptuf_1x_opA_gap03_repl_v2__P1,200,44.0,0,2,0,0,1,primer_prefix_only,0,not_applicable,NOT_RECOMPUTED,NOT_AVAILABLE
V2-OTH-14_Ptuf_1x_opA_gap03_reta_v2__P1,210,45.71,0,2,0,0,1,primer_prefix_only,0,not_applicable,NOT_RECOMPUTED,NOT_AVAILABLE
V2-OTH-15_Ptuf_noop_ctrl_v2__P1,181,46.96,0,2,0,0,1,primer_prefix_only,0,not_applicable,NOT_RECOMPUTED,NOT_AVAILABLE
V2-CX-01_SUB_Psyn_opA_gap00__HP06_NCgl2501__P1,159,43.4,0,2,0,0,1,primer_prefix_only,0,preserved,NOT_RECOMPUTED,NOT_AVAILABLE
V2-CX-02_SUB_Psyn_opA_gap00__HP12_NCgl2826__P1,159,42.77,0,2,0,0,1,primer_prefix_only,0,preserved,NOT_RECOMPUTED,NOT_AVAILABLE
V2-CX-03_SUB_Psyn_opA_gap00__HP07_gpmA__P1,159,38.99,0,0,0,0,1,primer_prefix_only,0,preserved,NOT_RECOMPUTED,NOT_AVAILABLE
V2-CX-04_SUB_Psyn_opA_gap03__HP06_NCgl2501__P1,159,43.4,0,2,0,0,1,primer_prefix_only,0,preserved,NOT_RECOMPUTED,NOT_AVAILABLE
V2-CX-05_SUB_Psyn_opA_gap03__HP12_NCgl2826__P1,159,42.77,0,2,0,0,1,primer_prefix_only,0,preserved,NOT_RECOMPUTED,NOT_AVAILABLE
V2-CX-06_SUB_Psyn_opA_gap03__HP07_gpmA__P1,159,38.99,0,0,0,0,1,primer_prefix_only,0,preserved,NOT_RECOMPUTED,NOT_AVAILABLE
V2-CX-07_SUB_Psyn_opA_gap05__HP06_NCgl2501__P1,159,43.4,0,2,0,0,1,primer_prefix_only,0,preserved,NOT_RECOMPUTED,NOT_AVAILABLE
V2-CX-08_SUB_Psyn_opA_gap05__HP12_NCgl2826__P1,159,42.77,0,2,0,0,1,primer_prefix_only,0,preserved,NOT_RECOMPUTED,NOT_AVAILABLE
V2-CX-09_SUB_Psyn_opA_gap05__HP07_gpmA__P1,159,38.99,0,0,0,0,1,primer_prefix_only,0,preserved,NOT_RECOMPUTED,NOT_AVAILABLE
V2-CX-10_SUB_Psyn_opA_gap03__HP01_groES__P1,159,40.25,0,0,0,0,1,primer_prefix_only,0,preserved,NOT_RECOMPUTED,NOT_AVAILABLE
V2-CX-11_SUB_Psyn_opA_gap03__HP02_ndk__P1,159,41.51,0,0,0,0,1,primer_prefix_only,0,preserved,NOT_RECOMPUTED,NOT_AVAILABLE
V2-CX-12_SUB_Psyn_opA_gap03__HP09_clpP__P1,159,42.14,0,0,0,0,1,primer_prefix_only,0,preserved,NOT_RECOMPUTED,NOT_AVAILABLE
V2-CX-13_SUB_Psyn_opA_gap03__HP10_adk__P1,159,45.28,0,0,0,0,1,primer_prefix_only,0,preserved,NOT_RECOMPUTED,NOT_AVAILABLE
V2-CX-14_SUB_Psyn_opA_gap03__HP08_eno__P1,159,42.14,0,0,0,0,1,primer_prefix_only,0,preserved,NOT_RECOMPUTED,NOT_AVAILABLE
V2-CX-15_SUB_Psyn_opA_gap03__HP07_fcATGtoATC_NEG__P1,159,38.99,0,0,0,0,1,primer_prefix_only,0,preserved,NOT_RECOMPUTED,NOT_AVAILABLE
V2-CX-16_SUB_Psyn_opA_gap03__HP07_SDmut_NEG__P1,159,38.99,0,0,0,0,1,primer_prefix_only,0,preserved,NOT_RECOMPUTED,NOT_AVAILABLE
V2-CX-17_SUB_Psyn_opA_gap03__HP07_fcATGtoGTG_PARTIAL__P1,159,39.62,0,0,0,0,1,primer_prefix_only,0,preserved,NOT_RECOMPUTED,NOT_AVAILABLE
V2-CX-18_INS_PsodA_opA_gap03__HP07_gpmA__P1,242,43.8,0,4,0,0,1,primer_prefix_only,0,preserved,NOT_RECOMPUTED,NOT_AVAILABLE
V2-CX-19_INS_PsodA_opA_gap03__HP06_NCgl2501__P1,242,46.69,0,6,0,0,1,primer_prefix_only,0,preserved,NOT_RECOMPUTED,NOT_AVAILABLE
JXN_ECA_PHOQ_A_m1__P1,1842,53.58,0,0,0,0,3,not_applicable,0,not_applicable,NOT_RECOMPUTED,NOT_AVAILABLE
JXN_ECA_PHOQ_A_0__P1,1839,53.62,0,0,0,0,2,not_applicable,0,not_applicable,NOT_RECOMPUTED,NOT_AVAILABLE
JXN_ECA_PHOQ_A_p1__P1,1836,53.65,0,0,0,0,3,not_applicable,0,not_applicable,NOT_RECOMPUTED,NOT_AVAILABLE
JXN_ECA_PHOQ_linker_retained_m1__P1,1692,53.61,0,0,0,0,2,not_applicable,0,not_applicable,NOT_RECOMPUTED,NOT_AVAILABLE
JXN_ECA_PHOQ_linker_retained_0__P1,1689,53.64,0,0,0,0,3,not_applicable,0,not_applicable,NOT_RECOMPUTED,NOT_AVAILABLE
JXN_ECA_PHOQ_linker_retained_p1__P1,1686,53.56,0,0,0,0,3,not_applicable,0,not_applicable,NOT_RECOMPUTED,NOT_AVAILABLE
JXN_ECA_PHOQ_C_m1__P1,1842,53.58,0,0,0,0,3,not_applicable,0,not_applicable,NOT_RECOMPUTED,NOT_AVAILABLE
JXN_ECA_PHOQ_C_0__P1,1839,53.62,0,0,0,0,2,not_applicable,0,not_applicable,NOT_RECOMPUTED,NOT_AVAILABLE
JXN_ECA_PHOQ_C_p1__P1,1836,53.65,0,0,0,0,3,not_applicable,0,not_applicable,NOT_RECOMPUTED,NOT_AVAILABLE
JXN_ECA_PHOQ_dhp_direct_m1__P1,1677,53.61,0,0,0,0,3,not_applicable,0,not_applicable,NOT_RECOMPUTED,NOT_AVAILABLE
JXN_ECA_PHOQ_dhp_direct_0__P1,1674,53.58,0,0,0,0,3,not_applicable,0,not_applicable,NOT_RECOMPUTED,NOT_AVAILABLE
JXN_ECA_PHOQ_dhp_direct_p1__P1,1671,53.56,0,0,0,0,3,not_applicable,0,not_applicable,NOT_RECOMPUTED,NOT_AVAILABLE
JXN_MCPX_PHOQ_A_m1__P1,1827,53.69,0,0,0,0,3,not_applicable,0,not_applicable,NOT_RECOMPUTED,NOT_AVAILABLE
JXN_MCPX_PHOQ_A_0__P1,1824,53.73,0,0,0,0,2,not_applicable,0,not_applicable,NOT_RECOMPUTED,NOT_AVAILABLE
JXN_MCPX_PHOQ_A_p1__P1,1821,53.76,0,0,0,0,3,not_applicable,0,not_applicable,NOT_RECOMPUTED,NOT_AVAILABLE
JXN_MCPX_PHOQ_dhp_direct_m1__P1,1680,53.75,0,0,0,0,4,not_applicable,0,not_applicable,NOT_RECOMPUTED,NOT_AVAILABLE
JXN_MCPX_PHOQ_dhp_direct_0__P1,1677,53.73,0,0,0,0,3,not_applicable,0,not_applicable,NOT_RECOMPUTED,NOT_AVAILABLE
JXN_MCPX_PHOQ_dhp_direct_p1__P1,1674,53.7,0,0,0,0,3,not_applicable,0,not_applicable,NOT_RECOMPUTED,NOT_AVAILABLE
JXN_ECA_ENVZ_A_m1__P1,1836,53.76,0,0,0,0,3,not_applicable,0,not_applicable,NOT_RECOMPUTED,NOT_AVAILABLE
JXN_ECA_ENVZ_A_0__P1,1833,53.79,0,0,0,0,2,not_applicable,0,not_applicable,NOT_RECOMPUTED,NOT_AVAILABLE
JXN_ECA_ENVZ_A_p1__P1,1830,53.83,0,0,0,0,4,not_applicable,0,not_applicable,NOT_RECOMPUTED,NOT_AVAILABLE
JXN_ECA_ENVZ_dhp_direct_m1__P1,1668,53.78,0,0,0,0,4,not_applicable,0,not_applicable,NOT_RECOMPUTED,NOT_AVAILABLE
JXN_ECA_ENVZ_dhp_direct_0__P1,1665,53.75,0,0,0,0,3,not_applicable,0,not_applicable,NOT_RECOMPUTED,NOT_AVAILABLE
JXN_ECA_ENVZ_dhp_direct_p1__P1,1662,53.79,0,0,0,0,2,not_applicable,0,not_applicable,NOT_RECOMPUTED,NOT_AVAILABLE
CAL-01_Psyn_HenkeRBS_noop__P1,107,47.66,0,10,0,0,1,primer_prefix_only,0,not_applicable,NOT_RECOMPUTED,NOT_AVAILABLE
CAL-02_Psyn_HenkeRBS_opA_gap03__P1,123,43.09,0,10,0,0,1,primer_prefix_only,0,not_applicable,NOT_RECOMPUTED,NOT_AVAILABLE
NEW-CTRL-01__P1,82,34.15,0,0,0,0,1,primer_prefix_only,0,not_applicable,NOT_RECOMPUTED,NOT_AVAILABLE
NEW-CTRL-02__P1,159,38.99,0,0,0,0,1,primer_prefix_only,0,preserved,NOT_RECOMPUTED,NOT_AVAILABLE
