proposal_id,baseline_id,stage,baseline_panel,change,length_bp,gc_percent,sequence_sha256,identity_components_and_edit_checks
V2-SUB-01_SUB_Psyn_opA_gap00__P1,V2-SUB-01_SUB_Psyn_opA_gap00,A output,substitution_phasing,conditional_direct_ATG_TC,82,34.1463,46183ec85301f33b3c8119305886227352cd9f303aa766237b63629f1e48ea78,PASS
V2-SUB-02_SUB_Psyn_opA_gap01__P1,V2-SUB-02_SUB_Psyn_opA_gap01,A output,substitution_phasing,conditional_direct_ATG_TC,82,34.1463,d87d4179852e9391d7143a7b40d63ed591c6c11c9a616b8fec60496f8c49306a,PASS
V2-SUB-03_SUB_Psyn_opA_gap02__P1,V2-SUB-03_SUB_Psyn_opA_gap02,A output,substitution_phasing,conditional_direct_ATG_TC,82,34.1463,5d656f59fe9f19953049d74c889d229f432e64306cc69aa26a7a81b9e63db739,PASS
V2-SUB-04_SUB_Psyn_opA_gap03__P1,V2-SUB-04_SUB_Psyn_opA_gap03,A output,substitution_phasing,conditional_direct_ATG_TC,82,34.1463,e457b7cc9463d5201476e421817376970f2ee5418a78ab28f0998da61ceb1136,PASS
V2-SUB-05_SUB_Psyn_opA_gap04__P1,V2-SUB-05_SUB_Psyn_opA_gap04,A output,substitution_phasing,conditional_direct_ATG_TC,82,34.1463,ba6a3f3d6f814c25eb774c6cf36a871985e6a026dd48c782721e025582d4f40d,PASS
V2-SUB-06_SUB_Psyn_opA_gap05__P1,V2-SUB-06_SUB_Psyn_opA_gap05,A output,substitution_phasing,conditional_direct_ATG_TC,82,34.1463,0f38aa8ad391c34b42098f9927534d6ea7c098ba32bebaba1692a82b0219c531,PASS
V2-SUB-07_SUB_Psyn_opA_gap06__P1,V2-SUB-07_SUB_Psyn_opA_gap06,A output,substitution_phasing,conditional_direct_ATG_TC,82,34.1463,a1f4092db64b112a970fffd98c725d49756e3df1e8251ff884bf744e8fc83483,PASS
V2-SUB-08_SUB_Psyn_opA_gap07__P1,V2-SUB-08_SUB_Psyn_opA_gap07,A output,substitution_phasing,conditional_direct_ATG_TC,82,34.1463,f50aa0e465fd12070f9ab193c68dd9343731c9eac6759f08cfd61a045d2bbfd1,PASS
V2-SUB-09_SUB_Psyn_opA_gap08__P1,V2-SUB-09_SUB_Psyn_opA_gap08,A output,substitution_phasing,conditional_direct_ATG_TC,82,34.1463,d418d5e3cd0c50d4cee128b16554e6bd57a824c8a3aaca1a4acdd29883cb4d89,PASS
V2-SUB-10_SUB_Psyn_opA_gap09__P1,V2-SUB-10_SUB_Psyn_opA_gap09,A output,substitution_phasing,conditional_direct_ATG_TC,82,34.1463,cd0c3e2c403b7b67ae210fa0adfe043e34907d9a5f3adc98063090e2f4fe2a04,PASS
V2-SUB-11_SUB_Psyn_opA_gap10__P1,V2-SUB-11_SUB_Psyn_opA_gap10,A output,substitution_phasing,conditional_direct_ATG_TC,82,34.1463,177bf45969cb63ba1dff019468b33ce99fa0bf08a0d20ff70e61d5008417b3f6,PASS
V2-SUB-12_SUB_Psyn_opA_gap11__P1,V2-SUB-12_SUB_Psyn_opA_gap11,A output,substitution_phasing,conditional_direct_ATG_TC,82,34.1463,370082e8cd5b720294bf03fc06f8d76e44616dad0f1f925cd113a9f984058041,PASS
V2-SUB-13_SUB_Psyn_opA_gap12__P1,V2-SUB-13_SUB_Psyn_opA_gap12,A output,substitution_phasing,conditional_direct_ATG_TC,82,34.1463,dbc2ddba993ccd30ec3d7dbbc89e56069090a4d44a31f92dce7e46bdf410f85f,PASS
V2-SUB-14_SUB_Psyn_opA_gap13__P1,V2-SUB-14_SUB_Psyn_opA_gap13,A output,substitution_phasing,conditional_direct_ATG_TC,82,34.1463,fc2e79aa8d17a0b9068986fc11c3ecca0c5ad1a48e42da52f8dfb0803f95f6e9,PASS
V2-INS-01_INS_Psyn_opA_gap00__P1,V2-INS-01_INS_Psyn_opA_gap00,A output,insertion_phasing,conditional_direct_ATG_TC,82,34.1463,d7aeec593952b4fc496af2c16d05ec823fe7d336f2b5a85f3030eafbb7c28309,PASS
V2-INS-02_INS_Psyn_opA_gap01__P1,V2-INS-02_INS_Psyn_opA_gap01,A output,insertion_phasing,conditional_direct_ATG_TC,83,33.7349,4c7e4b97d2a8a7bca7acb6f84a8a9d62a8c2751fff873f3a201e8a9ad3e00cca,PASS
V2-INS-03_INS_Psyn_opA_gap02__P1,V2-INS-03_INS_Psyn_opA_gap02,A output,insertion_phasing,conditional_direct_ATG_TC,84,34.5238,85aa64e854a5cb673bcc121f2a8ba575ccec118db6bd287aef3e21cdf8f8dad3,PASS
V2-INS-04_INS_Psyn_opA_gap03__P1,V2-INS-04_INS_Psyn_opA_gap03,A output,insertion_phasing,conditional_direct_ATG_TC,85,34.1176,13a3509daa9ae8b4e2949c7ac57c80069669fb44fcfbaed95a11cac02ecf3e18,PASS
V2-INS-05_INS_Psyn_opA_gap04__P1,V2-INS-05_INS_Psyn_opA_gap04,A output,insertion_phasing,conditional_direct_ATG_TC,86,34.8837,3c4552234e5efc9be44bb3c39d82d1fc2e98550f14748525914a0608fec02de4,PASS
V2-INS-06_INS_Psyn_opA_gap05__P1,V2-INS-06_INS_Psyn_opA_gap05,A output,insertion_phasing,conditional_direct_ATG_TC,87,34.4828,2238cc849a1dece59e064348dabd185eb4f55c744c734b172d064d9a13b6b6cc,PASS
V2-INS-07_INS_Psyn_opA_gap06__P1,V2-INS-07_INS_Psyn_opA_gap06,A output,insertion_phasing,conditional_direct_ATG_TC,88,35.2273,02b86257d274a7ee246e5deec5747c85495dba56ff3011f5df24b39b2a77ff3b,PASS
V2-INS-08_INS_Psyn_opA_gap07__P1,V2-INS-08_INS_Psyn_opA_gap07,A output,insertion_phasing,conditional_direct_ATG_TC,89,34.8315,04882b985cc59d75d878b4d984ffc0ec0c332a2bdd1650815885e760a4738358,PASS
V2-INS-09_INS_Psyn_opA_gap08__P1,V2-INS-09_INS_Psyn_opA_gap08,A output,insertion_phasing,conditional_direct_ATG_TC,90,35.5556,12bd665be0543ffca44792ca4919fccd258bd634cf55a4a6ce958bf5c24ba0a1,PASS
V2-INS-10_INS_Psyn_opA_gap09__P1,V2-INS-10_INS_Psyn_opA_gap09,A output,insertion_phasing,conditional_direct_ATG_TC,91,36.2637,c23fabbdd8d2835cda977c69da355fb2d47e3483d7ae8626a9a9db5ae44d93ce,PASS
V2-INS-11_INS_Psyn_opA_gap10__P1,V2-INS-11_INS_Psyn_opA_gap10,A output,insertion_phasing,conditional_direct_ATG_TC,92,36.9565,5720d78ae411f90d60f525ee5130a654155e67ed3575bfe31321a178be0ebe5a,PASS
V2-INS-12_INS_Psyn_opA_gap11__P1,V2-INS-12_INS_Psyn_opA_gap11,A output,insertion_phasing,conditional_direct_ATG_TC,93,37.6344,627be80732eeeb2e3c86de8d791f6684a1b907700bed5ebcdd1947b36b0b8550,PASS
V2-INS-13_INS_Psyn_opA_gap12__P1,V2-INS-13_INS_Psyn_opA_gap12,A output,insertion_phasing,conditional_direct_ATG_TC,94,37.234,e7c5f2d62d690c6f728419e76740cf141816ddcd451f0ffa2cb16b22c727803f,PASS
V2-INS-14_INS_Psyn_opA_gap13__P1,V2-INS-14_INS_Psyn_opA_gap13,A output,insertion_phasing,conditional_direct_ATG_TC,95,36.8421,90cdd94b4cbbb7ce08c54c4cdf3f8348b14b4c3bdeadb324aca1b1632446d604,PASS
V2-INS-15_INS_PsodA_opA_gap00__P1,V2-INS-15_INS_PsodA_opA_gap00,A output,insertion_phasing,unchanged,149,43.6242,dd1efb2eb88339510adc606bdf1653aed1b5e809c1216718c0ade13b623d95eb,PASS
V2-INS-16_INS_PsodA_opA_gap03__P1,V2-INS-16_INS_PsodA_opA_gap03,A output,insertion_phasing,unchanged,152,43.4211,6ed1f78d862f8d8bbf26ddc9c5ef5eb3ed30e05a339d569af0566c9eb113740f,PASS
V2-INS-17_INS_PsodA_opA_gap06__P1,V2-INS-17_INS_PsodA_opA_gap06,A output,insertion_phasing,unchanged,155,43.871,c7ec0aae807a8207db3b649194262f398c36c2e850224b6e8bea2db8476dbcba,PASS
V2-INS-18_INS_PsodA_opA_gap10__P1,V2-INS-18_INS_PsodA_opA_gap10,A output,insertion_phasing,unchanged,159,44.6541,d31a2c11f85397b68f00009f9869ce15fcf82c78e0ddb9401268468f98100b37,PASS
V2-CTL-01_CTL_SUB_BGB_gap07__P1,V2-CTL-01_CTL_SUB_BGB_gap07,A output,phasing_swap_controls,conditional_direct_ATG_TC,82,34.1463,09d7345cb120c4bfdea45f54d97149dc512a1a76e8b77f644be45f125c11b99a,PASS
V2-CTL-02_CTL_SUB_BGC_gap07__P1,V2-CTL-02_CTL_SUB_BGC_gap07,A output,phasing_swap_controls,conditional_direct_ATG_TC,82,34.1463,8c5964897a4df32ddfff4ca8ada99195ab82de37f4cee173c0799fe6d7e86dbc,PASS
V2-CTL-03_CTL_INS_FILLB_gap07__P1,V2-CTL-03_CTL_INS_FILLB_gap07,A output,phasing_swap_controls,conditional_direct_ATG_TC,89,34.8315,37a373ccdf8766d43e811e4698101c20d6c732460d7b1ddb17966544ba018822,PASS
V2-OTH-01_Psyn_noop_ctrl_v2__P1,V2-OTH-01_Psyn_noop_ctrl_v2,A output,tier1_nonphasing,conditional_direct_ATG_TC,66,39.3939,4fb8d9bb838729b0395f06bf36c573ce5a90f153fba1af0748bb7c5f37df1820,PASS
V2-OTH-02_Psyn_1x_scrambled_gap03_v2__P1,V2-OTH-02_Psyn_1x_scrambled_gap03_v2,A output,tier1_nonphasing,conditional_direct_ATG_TC,85,34.1176,f3a8d64daf18727d5ffb77cc02d4bf7201feb26fe573e6b9bea645f0ca30bc38,PASS
V2-OTH-03_Psyn_2xopA_gap00_v2__P1,V2-OTH-03_Psyn_2xopA_gap00_v2,A output,tier1_nonphasing,conditional_direct_ATG_TC,100,31.0,1bccaa5352ba9e0d8b1dd3658ffa58d9d3b15c5dc4b5da514938471b51dac05b,PASS
V2-OTH-04_Psyn_1x_opB_gap00_v2__P1,V2-OTH-04_Psyn_1x_opB_gap00_v2,A output,tier1_nonphasing,conditional_direct_ATG_TC,82,36.5854,79eed3316d1bb5514381b3d8634541c4cda8ec9220a27e8ba3fdbd489ab48070,PASS
V2-OTH-05_Psyn_2xopA_gap05_v2__P1,V2-OTH-05_Psyn_2xopA_gap05_v2,A output,tier1_nonphasing,conditional_direct_ATG_TC,105,31.4286,4107f61835fdda5a77358fe6a59e8d948b251b7219b033395ac861fdc3e89af0,PASS
V2-OTH-06_Psyn_1x_opB_gap05_v2__P1,V2-OTH-06_Psyn_1x_opB_gap05_v2,A output,tier1_nonphasing,conditional_direct_ATG_TC,87,36.7816,f3485a5ce47e1864fae18a237c0156223890ce72f7c15ea471054825b51adaac,PASS
V2-OTH-07_Psyn_1x_opA_gap03_reta_v2__P1,V2-OTH-07_Psyn_1x_opA_gap03_reta_v2,A output,retained_context,conditional_direct_ATG_TC,76,34.2105,bfde84797d8332851e64309e94ab8ed3dc28147f409024d329551e3c2ea515c7,PASS
V2-OTH-08_Psyn_1x_opA_gap05_reta_v2__P1,V2-OTH-08_Psyn_1x_opA_gap05_reta_v2,A output,retained_context,conditional_direct_ATG_TC,78,34.6154,520b7076a813814f72887a29eea692779553353f4e11f42d7b9e2a16937dd5b8,PASS
V2-OTH-09_PsodA_1x_opA_gap03_native_v2__P1,V2-OTH-09_PsodA_1x_opA_gap03_native_v2,A output,retained_context,unchanged,162,41.9753,0f12c5fa80cf722872cc78a87064d636a09331a1de4162a4b16cab4e3484294b,PASS
V2-OTH-10_PsodA_1x_scrambled_gap03_v2__P1,V2-OTH-10_PsodA_1x_scrambled_gap03_v2,A output,tier1_nonphasing,unchanged,152,43.4211,29fc5ace915a8fd01d7c28f2873b0ca759f6fb3407c907f1cfab139034de329f,PASS
V2-OTH-11_PsodA_2xopA_gap03_v2__P1,V2-OTH-11_PsodA_2xopA_gap03_v2,A output,tier1_nonphasing,unchanged,170,40.5882,870451161b888fb46858e8aab6f6e2cde2a0757af21c40bed555575c51b02460,PASS
V2-OTH-12_PsodA_noop_ctrl_v2__P1,V2-OTH-12_PsodA_noop_ctrl_v2,A output,tier1_nonphasing,unchanged,133,47.3684,b31979a1efa9c437e9f9b224d606fa058df1e09eaa722c7acd1d3177fd4ad939,PASS
V2-OTH-13_Ptuf_1x_opA_gap03_repl_v2__P1,V2-OTH-13_Ptuf_1x_opA_gap03_repl_v2,A output,tier1_nonphasing,unchanged,200,44.0,d5b8349b0d3061d89dd82fb31a7f45a8053fcfbad9dfdc4ab21bfce363162a25,PASS
V2-OTH-14_Ptuf_1x_opA_gap03_reta_v2__P1,V2-OTH-14_Ptuf_1x_opA_gap03_reta_v2,A output,retained_context,unchanged,210,45.7143,e6a7c8602f63e1c9e01726844a0cbe57250d5895bb06768346acdaae1558bb90,PASS
V2-OTH-15_Ptuf_noop_ctrl_v2__P1,V2-OTH-15_Ptuf_noop_ctrl_v2,A output,tier1_nonphasing,unchanged,181,46.9613,6719488993a10099c6adf99558c6369b7ab930e3632c04d2ed3483db9e1ea5a4,PASS
V2-CX-01_SUB_Psyn_opA_gap00__HP06_NCgl2501__P1,V2-CX-01_SUB_Psyn_opA_gap00__HP06_NCgl2501,A output,combinatorial_1_independence_3x4,unchanged,159,43.3962,031f9b9ab81496ca21baefa73ae92afdb4323cdbb1efbf007a459b0a2d5c63fc,PASS
V2-CX-02_SUB_Psyn_opA_gap00__HP12_NCgl2826__P1,V2-CX-02_SUB_Psyn_opA_gap00__HP12_NCgl2826,A output,combinatorial_1_independence_3x4,unchanged,159,42.7673,5b8dd51762553add75758d6c6078d44ce009e208986d1f91c7f74badc1ee9300,PASS
V2-CX-03_SUB_Psyn_opA_gap00__HP07_gpmA__P1,V2-CX-03_SUB_Psyn_opA_gap00__HP07_gpmA,A output,combinatorial_1_independence_3x4,unchanged,159,38.9937,378819ad9faf7a84184536e0ae0e843b90c47c50407319fdcc7310b4a13494fd,PASS
V2-CX-04_SUB_Psyn_opA_gap03__HP06_NCgl2501__P1,V2-CX-04_SUB_Psyn_opA_gap03__HP06_NCgl2501,A output,combinatorial_1_independence_3x4,unchanged,159,43.3962,6d0ff3eb3bf273f0211c7ae46ea14cf2b04d8d2099d33489b31d8677e37d9b78,PASS
V2-CX-05_SUB_Psyn_opA_gap03__HP12_NCgl2826__P1,V2-CX-05_SUB_Psyn_opA_gap03__HP12_NCgl2826,A output,combinatorial_1_independence_3x4,unchanged,159,42.7673,b0769ef01cc42c3f65e6e7e12b3a24de6a1a9088df9b79fdfb7ae2509a0f201f,PASS
V2-CX-06_SUB_Psyn_opA_gap03__HP07_gpmA__P1,V2-CX-06_SUB_Psyn_opA_gap03__HP07_gpmA,A output,combinatorial_1_independence_3x4,unchanged,159,38.9937,3697b8867e2e6c269632d7e0d988ec0372d164ddcdb272f8916930e2cd3bc797,PASS
V2-CX-07_SUB_Psyn_opA_gap05__HP06_NCgl2501__P1,V2-CX-07_SUB_Psyn_opA_gap05__HP06_NCgl2501,A output,combinatorial_1_independence_3x4,unchanged,159,43.3962,74ccb7c072b6b27c8dc64fb3be29021041c8789a42501fb8e8466f437aa2808b,PASS
V2-CX-08_SUB_Psyn_opA_gap05__HP12_NCgl2826__P1,V2-CX-08_SUB_Psyn_opA_gap05__HP12_NCgl2826,A output,combinatorial_1_independence_3x4,unchanged,159,42.7673,9f9f66c64c25b14752a0a92a8b18588a052836ce6df1fc74daddf3de1db7a056,PASS
V2-CX-09_SUB_Psyn_opA_gap05__HP07_gpmA__P1,V2-CX-09_SUB_Psyn_opA_gap05__HP07_gpmA,A output,combinatorial_1_independence_3x4,unchanged,159,38.9937,ac7ab419bb34a34b3e732572249562d6b0570afdc78ba7a740f80ca4ca44a905,PASS
V2-CX-10_SUB_Psyn_opA_gap03__HP01_groES__P1,V2-CX-10_SUB_Psyn_opA_gap03__HP01_groES,A output,combinatorial_2_tuning_curve,unchanged,159,40.2516,3e45cf58f626070cee72d04e33c79061113132b43054446575f01369c3d8486c,PASS
V2-CX-11_SUB_Psyn_opA_gap03__HP02_ndk__P1,V2-CX-11_SUB_Psyn_opA_gap03__HP02_ndk,A output,combinatorial_2_tuning_curve,unchanged,159,41.5094,0843591fe6dbad698b6930ff40cd2e3a5e131ccb2cb6f91273ad504d073670b9,PASS
V2-CX-12_SUB_Psyn_opA_gap03__HP09_clpP__P1,V2-CX-12_SUB_Psyn_opA_gap03__HP09_clpP,A output,combinatorial_2_tuning_curve,unchanged,159,42.1384,5e2381a347be11dba932adedc1efbb08665ec51266aaacf5cf9067fbeb287c44,PASS
V2-CX-13_SUB_Psyn_opA_gap03__HP10_adk__P1,V2-CX-13_SUB_Psyn_opA_gap03__HP10_adk,A output,combinatorial_2_tuning_curve,unchanged,159,45.283,88fdc12d55388b6de3e787c7c6c0487afdca00df74d20c64b921228d4eaf8e97,PASS
V2-CX-14_SUB_Psyn_opA_gap03__HP08_eno__P1,V2-CX-14_SUB_Psyn_opA_gap03__HP08_eno,A output,combinatorial_2_tuning_curve,unchanged,159,42.1384,1e5715cdd7d1b4df046b5ea40ce2611327f65d9aad59eb6051329132b074a8ad,PASS
V2-CX-15_SUB_Psyn_opA_gap03__HP07_fcATGtoATC_NEG__P1,V2-CX-15_SUB_Psyn_opA_gap03__HP07_fcATGtoATC_NEG,A output,combinatorial_2_tuning_curve,unchanged,159,38.9937,bde528d2e942329beb6e6e935d2da9256a99eb8e4e418f6047d49af8d06af43b,PASS
V2-CX-16_SUB_Psyn_opA_gap03__HP07_SDmut_NEG__P1,V2-CX-16_SUB_Psyn_opA_gap03__HP07_SDmut_NEG,A output,combinatorial_2_tuning_curve,unchanged,159,38.9937,a5fdf4aa07d46b26ab8f08ab259915ba3a5d8cd12b90a6b32ac604f9a28b869a,PASS
V2-CX-17_SUB_Psyn_opA_gap03__HP07_fcATGtoGTG_PARTIAL__P1,V2-CX-17_SUB_Psyn_opA_gap03__HP07_fcATGtoGTG_PARTIAL,A output,combinatorial_2_tuning_curve,unchanged,159,39.6226,c6f2e2eb3b0b48ca615de9859460b23e9a961d3b86b4d187ea08abe6e8cd938b,PASS
V2-CX-18_INS_PsodA_opA_gap03__HP07_gpmA__P1,V2-CX-18_INS_PsodA_opA_gap03__HP07_gpmA,A output,combinatorial_3_leadered_probe,conditional_SD1,242,43.8017,5d821222c1ffd86daa5a398e77c42dc7bd347b4137f62571d2b8b406d099ed1d,PASS
V2-CX-19_INS_PsodA_opA_gap03__HP06_NCgl2501__P1,V2-CX-19_INS_PsodA_opA_gap03__HP06_NCgl2501,A output,combinatorial_3_leadered_probe,conditional_SD1,242,46.6942,ad10749a29ec6edff68680c1e77f74e3c4b4b57ceded2c5c7b41d752deccef75,PASS
JXN_ECA_PHOQ_A_m1__P1,JXN_ECA_PHOQ_A_m1,B1 PhoQ,kinase_junction_core_primary,unchanged,1842,53.5831,12916780d478acbe3769e7c35efc035f2b316878d7ae7cb6fa8b0e36c81a63b3,PASS
JXN_ECA_PHOQ_A_0__P1,JXN_ECA_PHOQ_A_0,B1 PhoQ,kinase_junction_core_primary,unchanged,1839,53.6161,a4958d1485c816945908f24b68224f498e2d4786fec3c6de04cefb5b2755b0a5,PASS
JXN_ECA_PHOQ_A_p1__P1,JXN_ECA_PHOQ_A_p1,B1 PhoQ,kinase_junction_core_primary,unchanged,1836,53.6492,b7f81ac0270da77a257ca1c28786c8f8733596756c7c34fdb5f1f26d0dd1eb32,PASS
JXN_ECA_PHOQ_linker_retained_m1__P1,JXN_ECA_PHOQ_linker_retained_m1,B1 PhoQ,kinase_junction_core_primary,unchanged,1692,53.6052,7940cfc7ba8e51f5b227cc52b3c83ed0c3b6582df89ff7b17d5c4bce1743a4d8,PASS
JXN_ECA_PHOQ_linker_retained_0__P1,JXN_ECA_PHOQ_linker_retained_0,B1 PhoQ,kinase_junction_core_primary,unchanged,1689,53.6412,acd04e61e18895bd2e7dbd5518974cc3b0874fae98db243ccd48fd2b05a15b49,PASS
JXN_ECA_PHOQ_linker_retained_p1__P1,JXN_ECA_PHOQ_linker_retained_p1,B1 PhoQ,kinase_junction_core_primary,unchanged,1686,53.5587,3dbb07b8b265bba1185f62da0e36b7fac40ec825a6a004d3f3887e236ff92b68,PASS
JXN_ECA_PHOQ_C_m1__P1,JXN_ECA_PHOQ_C_m1,B1 PhoQ,kinase_junction_core_primary,unchanged,1842,53.5831,5aec2e3a33f0f7fe7c635c99b5e35ae5cb3d2ccca9230134cc5c7228c24b6e3d,PASS
JXN_ECA_PHOQ_C_0__P1,JXN_ECA_PHOQ_C_0,B1 PhoQ,kinase_junction_core_primary,unchanged,1839,53.6161,1d9428571a65c2c986f97993322dcb85688d6a6f26e84892428ae8b160dbfc00,PASS
JXN_ECA_PHOQ_C_p1__P1,JXN_ECA_PHOQ_C_p1,B1 PhoQ,kinase_junction_core_primary,unchanged,1836,53.6492,486bcd7e4f94a512b373b0dcf802d9c3fdfb55b08021a005b8a67d03c2fa2a89,PASS
JXN_ECA_PHOQ_dhp_direct_m1__P1,JXN_ECA_PHOQ_dhp_direct_m1,B1 PhoQ,kinase_junction_core_primary,unchanged,1677,53.6076,93f2756fdbda52195ae77688281e8037e95dec83744a6448b9b2d51df7e92072,PASS
JXN_ECA_PHOQ_dhp_direct_0__P1,JXN_ECA_PHOQ_dhp_direct_0,B1 PhoQ,kinase_junction_core_primary,unchanged,1674,53.5842,867a5c6c979eb9f96443a1b4ad551d6309e7bfa1fafda18b2db0bfc08de760ae,PASS
JXN_ECA_PHOQ_dhp_direct_p1__P1,JXN_ECA_PHOQ_dhp_direct_p1,B1 PhoQ,kinase_junction_core_primary,unchanged,1671,53.5607,162454f6cd964a3675c2422fb7ea7e01a010e53ec726740dcf2c4b627528b4a4,PASS
JXN_MCPX_PHOQ_A_m1__P1,JXN_MCPX_PHOQ_A_m1,B1 PhoQ,kinase_junction_core_second_sensor,unchanged,1827,53.6946,cefc5c7d18331c90c846e4a88149e8e24c14d48e138ae666f586036b491a8b75,PASS
JXN_MCPX_PHOQ_A_0__P1,JXN_MCPX_PHOQ_A_0,B1 PhoQ,kinase_junction_core_second_sensor,unchanged,1824,53.7281,75ad76701211610c70a4c8f9a81c4cf3b9f290b93d8a00d71b228b414bf290ed,PASS
JXN_MCPX_PHOQ_A_p1__P1,JXN_MCPX_PHOQ_A_p1,B1 PhoQ,kinase_junction_core_second_sensor,unchanged,1821,53.7617,17c58ee0d8543878c66f314b456d68026102707afdf3b633cf2a12df70634554,PASS
JXN_MCPX_PHOQ_dhp_direct_m1__P1,JXN_MCPX_PHOQ_dhp_direct_m1,B1 PhoQ,kinase_junction_core_second_sensor,unchanged,1680,53.75,c4463337129b7dd899688e7c0582c916a80a6e2a5d54c34a68e3cab863afc063,PASS
JXN_MCPX_PHOQ_dhp_direct_0__P1,JXN_MCPX_PHOQ_dhp_direct_0,B1 PhoQ,kinase_junction_core_second_sensor,unchanged,1677,53.7269,d7a38cb182127b0d490e90ccc9c8ec512709b644664d2c53200975339942dcf2,PASS
JXN_MCPX_PHOQ_dhp_direct_p1__P1,JXN_MCPX_PHOQ_dhp_direct_p1,B1 PhoQ,kinase_junction_core_second_sensor,unchanged,1674,53.7037,26201b75cb8a85235a75597b27d934da402c592390c7fadc5d1fb01ec05d9916,PASS
JXN_ECA_ENVZ_A_m1__P1,JXN_ECA_ENVZ_A_m1,B2 EnvZ,kinase_junction_alt_backbone,unchanged,1836,53.7582,53b9d921d17bfa5aa918168a85e882a76603954a3de65d99e2d2dfd431c9318e,PASS
JXN_ECA_ENVZ_A_0__P1,JXN_ECA_ENVZ_A_0,B2 EnvZ,kinase_junction_alt_backbone,unchanged,1833,53.7916,b0f53b0023dc942894131ee82bedd440d53e6ebb7429084ad081d9b7cb8e215f,PASS
JXN_ECA_ENVZ_A_p1__P1,JXN_ECA_ENVZ_A_p1,B2 EnvZ,kinase_junction_alt_backbone,unchanged,1830,53.8251,c518bf2fcd8eaeb7e87b2bb61bdb4179cc001542a07205392199b742606cbf0b,PASS
JXN_ECA_ENVZ_dhp_direct_m1__P1,JXN_ECA_ENVZ_dhp_direct_m1,B2 EnvZ,kinase_junction_alt_backbone,unchanged,1668,53.777,97f13a208c48849c894742dc186b7d805b6560d1b608412ba307376c48ef642e,PASS
JXN_ECA_ENVZ_dhp_direct_0__P1,JXN_ECA_ENVZ_dhp_direct_0,B2 EnvZ,kinase_junction_alt_backbone,unchanged,1665,53.7538,44358999fceee543b52d512132b485534bf3d1015fda2bbc062f4e1368d2faee,PASS
JXN_ECA_ENVZ_dhp_direct_p1__P1,JXN_ECA_ENVZ_dhp_direct_p1,B2 EnvZ,kinase_junction_alt_backbone,unchanged,1662,53.7906,911ee1383944061c7ef4175431fa131782f6515adeec69e92ce34e2f862676ce,PASS
CAL-01_Psyn_HenkeRBS_noop__P1,CAL-01_Psyn_HenkeRBS_noop,A output,calibration_anchor,unchanged,107,47.6636,4f5a19f43e9873c0fe2599d1948b587c129db422429e65d5b937ae6160921f27,PASS
CAL-02_Psyn_HenkeRBS_opA_gap03__P1,CAL-02_Psyn_HenkeRBS_opA_gap03,A output,calibration_anchor,unchanged,123,43.0894,b6cd7624c893ce8bbaf45c6853c2c7ede7bc8e430399a5d9ebdfffa3ac14a1f4,PASS
NEW-CTRL-01__P1,V2-SUB-04_SUB_Psyn_opA_gap03,A output,substitution_phasing,new_matched_scrambled_control,82,34.1463,5d458c184f87b97432c4e1938005705643b25882767e6061eddf69f1add7a024,PASS
NEW-CTRL-02__P1,V2-CX-06_SUB_Psyn_opA_gap03__HP07_gpmA,A output,combinatorial_1_independence_3x4,new_matched_scrambled_control,159,38.9937,98e7555f92ddcd9ba9a171892ec25e5a3864c9f6b82848ace48dc2f9ab3266b3,PASS
